﻿ID,ANN1,ANN2
song1-1,nojoy,nojoy
song1-2,nojoy,nojoy
song1-3,nojoy,nojoy
song1-4,nojoy,nojoy
song1-5,nojoy,nojoy
song1-6,nojoy,nojoy
song1-7,nojoy,nojoy
song1-8,nojoy,nojoy
song1-9,nojoy,nojoy
song1-10,nojoy,nojoy
song1-11,nojoy,nojoy
song1-12,nojoy,nojoy
song1-13,nojoy,nojoy
song1-14,nojoy,nojoy
song1-15,nojoy,nojoy
song1-16,nojoy,nojoy
song1-17,nojoy,nojoy
song1-18,nojoy,nojoy
song1-19,nojoy,nojoy
song1-20,nojoy,nojoy
song1-21,nojoy,nojoy
song1-22,nojoy,nojoy
song1-23,nojoy,nojoy
song1-24,nojoy,nojoy
song1-25,nojoy,nojoy
song1-26,nojoy,nojoy
song1-27,nojoy,nojoy
song1-28,nojoy,nojoy
song1-29,nojoy,nojoy
song1-30,nojoy,nojoy
song1-31,nojoy,nojoy
song1-32,nojoy,nojoy
song1-33,nojoy,nojoy
song1-34,nojoy,nojoy
song1-35,joy,nojoy
song1-36,nojoy,nojoy
song2-1,nojoy,nojoy
song2-2,nojoy,nojoy
song2-3,joy,joy
song2-4,joy,nojoy
song2-5,nojoy,nojoy
song2-6,nojoy,nojoy
song2-7,nojoy,nojoy
song2-8,nojoy,nojoy
song2-9,nojoy,nojoy
song2-10,nojoy,nojoy
song2-11,nojoy,nojoy
song2-12,nojoy,nojoy
song2-13,nojoy,nojoy
song2-14,nojoy,nojoy
song2-15,nojoy,nojoy
song2-16,joy,nojoy
song2-17,joy,joy
song2-18,joy,joy
song2-19,joy,joy
song2-20,joy,joy
song2-21,nojoy,nojoy
song2-22,nojoy,nojoy
song2-23,nojoy,nojoy
song2-24,nojoy,nojoy
song2-25,nojoy,nojoy
song2-26,nojoy,nojoy
song2-27,nojoy,nojoy
song2-28,nojoy,nojoy
song2-29,nojoy,nojoy
song2-30,joy,joy
song2-31,joy,joy
song2-32,nojoy,nojoy
song2-33,nojoy,nojoy
song2-34,nojoy,nojoy
song2-35,nojoy,nojoy
song2-36,nojoy,nojoy
song2-37,nojoy,nojoy
song2-38,joy,nojoy
song2-39,joy,nojoy
song2-40,joy,joy
song2-41,joy,nojoy
song2-42,joy,joy
song2-43,joy,joy
song2-44,joy,nojoy
song2-45,joy,nojoy
song2-46,joy,nojoy
song2-47,joy,nojoy
song2-48,joy,nojoy
song2-49,joy,nojoy
song2-50,joy,nojoy
song3-1,joy,joy
song3-2,joy,joy
song3-3,joy,joy
song3-4,joy,joy
song3-5,nojoy,nojoy
song3-6,joy,nojoy
song3-7,nojoy,nojoy
song3-8,joy,nojoy
song3-9,nojoy,nojoy
song3-10,joy,joy
song3-11,nojoy,nojoy
song3-12,nojoy,nojoy
song3-13,nojoy,nojoy
song3-14,nojoy,nojoy
song3-15,joy,nojoy
song3-16,joy,nojoy
song3-17,joy,joy
song3-18,joy,nojoy
song3-19,joy,joy
song3-20,joy,nojoy
song3-21,joy,joy
song3-22,joy,nojoy
song3-23,nojoy,nojoy
song3-24,nojoy,nojoy
song3-25,nojoy,joy
song3-26,nojoy,joy
song3-27,joy,joy
song3-28,joy,joy
song3-29,joy,nojoy
song3-30,joy,nojoy
song3-31,joy,nojoy
song3-32,joy,nojoy
song3-33,joy,nojoy
song3-34,joy,joy
song3-35,joy,nojoy
song3-36,joy,nojoy
song3-37,joy,nojoy
song3-38,joy,nojoy
song3-39,nojoy,nojoy
song3-40,nojoy,joy
song3-41,joy,joy
song3-42,joy,nojoy
song3-43,joy,joy
song3-44,joy,nojoy
song3-45,nojoy,nojoy
song3-46,nojoy,nojoy
song3-47,joy,joy
song3-48,joy,joy
song3-49,joy,joy
song3-50,joy,joy
song3-51,joy,joy
song3-52,joy,joy
song3-53,joy,joy
song3-54,joy,joy
song3-55,joy,nojoy
song3-56,nojoy,nojoy
song3-57,joy,nojoy
song3-58,joy,nojoy
song3-59,joy,nojoy
song3-60,joy,nojoy
song3-61,joy,nojoy
song3-62,joy,nojoy
song3-63,joy,joy
song3-64,joy,joy
song3-65,joy,joy
song3-66,joy,nojoy
song3-67,joy,nojoy
song3-68,joy,nojoy
song3-69,joy,joy
song3-70,joy,nojoy
song3-71,joy,joy
song3-72,joy,nojoy
song3-73,joy,nojoy
song3-74,joy,nojoy
song3-75,nojoy,nojoy
song3-76,joy,nojoy
song3-77,joy,nojoy
song3-78,joy,nojoy
song3-79,nojoy,nojoy
song3-80,joy,nojoy
song3-81,joy,joy
song3-82,joy,nojoy
song3-83,joy,joy
song3-84,nojoy,nojoy
song3-85,joy,joy
song3-86,joy,nojoy
song3-87,joy,joy
song3-88,joy,nojoy
song3-89,joy,nojoy
song3-90,joy,nojoy
song4-1,nojoy,nojoy
song4-2,nojoy,nojoy
song4-3,nojoy,nojoy
song4-4,nojoy,nojoy
song4-5,nojoy,nojoy
song4-6,joy,joy
song4-7,joy,nojoy
song4-8,nojoy,nojoy
song4-9,nojoy,nojoy
song4-10,nojoy,nojoy
song4-11,nojoy,nojoy
song4-12,joy,nojoy
song4-13,joy,nojoy
song4-14,nojoy,nojoy
song4-15,nojoy,nojoy
song4-16,joy,nojoy
song4-17,nojoy,nojoy
song4-18,nojoy,nojoy
song4-19,joy,nojoy
song4-20,nojoy,nojoy
song4-21,nojoy,nojoy
song4-22,joy,nojoy
song4-23,joy,nojoy
song4-24,nojoy,nojoy
song4-25,joy,joy
song4-26,joy,nojoy
song4-27,nojoy,nojoy
song4-28,nojoy,nojoy
song5-1,nojoy,nojoy
song5-2,nojoy,nojoy
song5-3,nojoy,nojoy
song5-4,nojoy,nojoy
song5-5,joy,nojoy
song5-6,joy,nojoy
song5-7,joy,nojoy
song5-8,joy,nojoy
song5-9,joy,nojoy
song5-10,nojoy,nojoy
song5-11,nojoy,nojoy
song5-12,joy,joy
song5-13,joy,nojoy
song5-14,joy,nojoy
song5-15,joy,nojoy
song5-16,joy,nojoy
song5-17,joy,nojoy
song5-18,joy,nojoy
song5-19,joy,nojoy
song5-20,joy,nojoy
song5-21,joy,nojoy
song5-22,nojoy,nojoy
song5-23,nojoy,nojoy
song5-24,joy,joy
song5-25,joy,nojoy
song5-26,joy,nojoy
song5-27,joy,nojoy
song5-28,joy,nojoy
song6-1,joy,nojoy
song6-2,joy,nojoy
song6-3,joy,joy
song6-4,joy,nojoy
song6-5,joy,nojoy
song6-6,joy,nojoy
song6-7,joy,nojoy
song6-8,joy,joy
song6-9,joy,joy
song6-10,joy,nojoy
song6-11,joy,nojoy
song6-12,joy,nojoy
song6-13,joy,nojoy
song6-14,joy,nojoy
song6-15,joy,nojoy
song6-16,joy,nojoy
song6-17,joy,nojoy
song6-18,joy,nojoy
song6-19,joy,nojoy
song6-20,joy,nojoy
song6-21,joy,nojoy
song6-22,joy,nojoy
song6-23,joy,joy
song6-24,joy,nojoy
song6-25,nojoy,joy
song6-26,joy,joy
song6-27,joy,joy
song6-28,nojoy,joy
song6-29,joy,joy
song6-30,joy,joy
song6-31,joy,nojoy
song6-32,joy,nojoy
song6-33,joy,nojoy
song6-34,joy,nojoy
song6-35,joy,nojoy
song6-36,joy,nojoy
song6-37,joy,nojoy
song6-38,joy,nojoy
song6-39,joy,nojoy
song6-40,joy,nojoy
song6-41,joy,nojoy
song6-42,joy,nojoy
song6-43,joy,nojoy
song6-44,joy,nojoy
song6-45,joy,nojoy
song6-46,joy,nojoy
song6-47,joy,nojoy
song6-48,joy,nojoy
song6-49,joy,nojoy
song6-50,joy,nojoy
song6-51,joy,nojoy
song6-52,joy,nojoy
song6-53,joy,nojoy
song6-54,joy,nojoy
song6-55,joy,nojoy
song6-56,joy,nojoy
song6-57,joy,nojoy
song7-1,joy,nojoy
song7-2,joy,nojoy
song7-3,joy,nojoy
song7-4,joy,nojoy
song7-5,joy,nojoy
song7-6,joy,nojoy
song7-7,joy,nojoy
song7-8,nojoy,nojoy
song7-9,nojoy,nojoy
song7-10,nojoy,nojoy
song7-11,nojoy,nojoy
song7-12,nojoy,nojoy
song7-13,nojoy,nojoy
song7-14,nojoy,nojoy
song7-15,nojoy,nojoy
song7-16,nojoy,nojoy
song7-17,nojoy,nojoy
song7-18,nojoy,nojoy
song7-19,nojoy,nojoy
song7-20,joy,nojoy
song7-21,nojoy,nojoy
song7-22,nojoy,nojoy
song7-23,nojoy,nojoy
song7-24,nojoy,nojoy
song7-25,nojoy,nojoy
song7-26,nojoy,nojoy
song7-27,joy,nojoy
song7-28,nojoy,nojoy
song7-29,nojoy,nojoy
song7-30,joy,nojoy
song7-31,joy,joy
song7-32,joy,nojoy
song7-33,joy,nojoy
song7-34,nojoy,nojoy
song7-35,nojoy,nojoy
song7-36,nojoy,nojoy
song7-37,nojoy,nojoy
song7-38,nojoy,nojoy
song7-39,nojoy,nojoy
song7-40,nojoy,nojoy
song7-41,nojoy,nojoy
song7-42,nojoy,nojoy
song7-43,nojoy,nojoy
song7-44,nojoy,nojoy
song7-45,nojoy,nojoy
song7-46,nojoy,nojoy
song7-47,nojoy,nojoy
song7-48,nojoy,nojoy
song7-49,nojoy,nojoy
song7-50,nojoy,nojoy
song7-51,nojoy,nojoy
song7-52,nojoy,nojoy
song7-53,nojoy,nojoy
song8-1,nojoy,nojoy
song8-2,joy,nojoy
song8-3,joy,nojoy
song8-4,nojoy,nojoy
song8-5,nojoy,nojoy
song8-6,nojoy,nojoy
song8-7,nojoy,joy
song8-8,joy,joy
song8-9,joy,joy
song8-10,joy,nojoy
song8-11,joy,nojoy
song8-12,nojoy,nojoy
song8-13,nojoy,nojoy
song8-14,nojoy,nojoy
song8-15,joy,joy
song8-16,joy,joy
song8-17,joy,joy
song8-18,nojoy,nojoy
song8-19,nojoy,nojoy
song8-20,nojoy,nojoy
song8-21,nojoy,nojoy
song8-22,nojoy,nojoy
song8-23,nojoy,nojoy
song8-24,joy,joy
song8-25,joy,joy
song8-26,joy,joy
song8-27,nojoy,nojoy
song8-28,joy,joy
song8-29,joy,joy
song8-30,nojoy,nojoy
song9-1,joy,joy
song9-2,joy,joy
song9-3,joy,nojoy
song9-4,joy,joy
song9-5,joy,nojoy
song9-6,joy,joy
song9-7,joy,joy
song9-8,nojoy,nojoy
song9-9,nojoy,nojoy
song9-10,joy,joy
song9-11,joy,joy
song9-12,joy,joy
song9-13,joy,nojoy
song9-14,nojoy,nojoy
song9-15,nojoy,nojoy
song9-16,joy,nojoy
song9-17,joy,joy
song9-18,joy,nojoy
song9-19,nojoy,nojoy
song9-20,nojoy,nojoy
song9-21,nojoy,nojoy
song9-22,joy,joy
song9-23,joy,joy
song9-24,nojoy,nojoy
song9-25,nojoy,nojoy
song9-26,nojoy,nojoy
song9-27,joy,joy
song10-1,nojoy,nojoy
song10-2,nojoy,nojoy
song10-3,nojoy,nojoy
song10-4,nojoy,nojoy
song10-5,nojoy,nojoy
song10-6,nojoy,nojoy
song10-7,nojoy,nojoy
song10-8,nojoy,nojoy
song10-9,nojoy,nojoy
song10-10,nojoy,nojoy
song10-11,nojoy,nojoy
