﻿ID,ANN1,ANN2
song1-1,nodisgust,nodisgust
song1-2,nodisgust,nodisgust
song1-3,nodisgust,nodisgust
song1-4,nodisgust,nodisgust
song1-5,nodisgust,nodisgust
song1-6,nodisgust,nodisgust
song1-7,nodisgust,nodisgust
song1-8,nodisgust,nodisgust
song1-9,nodisgust,nodisgust
song1-10,disgust,nodisgust
song1-11,disgust,nodisgust
song1-12,disgust,nodisgust
song1-13,nodisgust,nodisgust
song1-14,disgust,nodisgust
song1-15,disgust,nodisgust
song1-16,disgust,nodisgust
song1-17,nodisgust,nodisgust
song1-18,nodisgust,nodisgust
song1-19,nodisgust,nodisgust
song1-20,disgust,nodisgust
song1-21,nodisgust,nodisgust
song1-22,nodisgust,nodisgust
song1-23,nodisgust,nodisgust
song1-24,nodisgust,nodisgust
song1-25,nodisgust,nodisgust
song1-26,nodisgust,nodisgust
song1-27,nodisgust,nodisgust
song1-28,nodisgust,nodisgust
song1-29,nodisgust,nodisgust
song1-30,nodisgust,nodisgust
song1-31,nodisgust,nodisgust
song1-32,nodisgust,nodisgust
song1-33,nodisgust,nodisgust
song1-34,nodisgust,nodisgust
song1-35,nodisgust,nodisgust
song1-36,nodisgust,nodisgust
song2-1,nodisgust,nodisgust
song2-2,nodisgust,nodisgust
song2-3,nodisgust,nodisgust
song2-4,nodisgust,nodisgust
song2-5,nodisgust,nodisgust
song2-6,nodisgust,nodisgust
song2-7,nodisgust,nodisgust
song2-8,nodisgust,nodisgust
song2-9,nodisgust,nodisgust
song2-10,nodisgust,nodisgust
song2-11,nodisgust,nodisgust
song2-12,nodisgust,nodisgust
song2-13,nodisgust,nodisgust
song2-14,nodisgust,nodisgust
song2-15,nodisgust,nodisgust
song2-16,nodisgust,nodisgust
song2-17,nodisgust,nodisgust
song2-18,nodisgust,nodisgust
song2-19,nodisgust,nodisgust
song2-20,nodisgust,nodisgust
song2-21,nodisgust,nodisgust
song2-22,nodisgust,nodisgust
song2-23,nodisgust,nodisgust
song2-24,nodisgust,nodisgust
song2-25,nodisgust,nodisgust
song2-26,nodisgust,nodisgust
song2-27,nodisgust,nodisgust
song2-28,nodisgust,nodisgust
song2-29,nodisgust,nodisgust
song2-30,nodisgust,nodisgust
song2-31,nodisgust,nodisgust
song2-32,nodisgust,nodisgust
song2-33,nodisgust,nodisgust
song2-34,nodisgust,nodisgust
song2-35,nodisgust,nodisgust
song2-36,nodisgust,nodisgust
song2-37,nodisgust,nodisgust
song2-38,nodisgust,nodisgust
song2-39,nodisgust,nodisgust
song2-40,nodisgust,nodisgust
song2-41,nodisgust,nodisgust
song2-42,nodisgust,nodisgust
song2-43,nodisgust,nodisgust
song2-44,nodisgust,nodisgust
song2-45,nodisgust,nodisgust
song2-46,nodisgust,nodisgust
song2-47,nodisgust,nodisgust
song2-48,nodisgust,nodisgust
song2-49,nodisgust,nodisgust
song2-50,nodisgust,nodisgust
song3-1,nodisgust,nodisgust
song3-2,nodisgust,nodisgust
song3-3,nodisgust,nodisgust
song3-4,nodisgust,nodisgust
song3-5,nodisgust,nodisgust
song3-6,nodisgust,nodisgust
song3-7,nodisgust,nodisgust
song3-8,nodisgust,nodisgust
song3-9,nodisgust,nodisgust
song3-10,nodisgust,nodisgust
song3-11,nodisgust,nodisgust
song3-12,nodisgust,nodisgust
song3-13,nodisgust,nodisgust
song3-14,nodisgust,nodisgust
song3-15,nodisgust,nodisgust
song3-16,nodisgust,nodisgust
song3-17,nodisgust,nodisgust
song3-18,nodisgust,nodisgust
song3-19,nodisgust,nodisgust
song3-20,nodisgust,nodisgust
song3-21,nodisgust,nodisgust
song3-22,nodisgust,nodisgust
song3-23,nodisgust,nodisgust
song3-24,nodisgust,nodisgust
song3-25,nodisgust,nodisgust
song3-26,nodisgust,nodisgust
song3-27,nodisgust,nodisgust
song3-28,nodisgust,nodisgust
song3-29,nodisgust,nodisgust
song3-30,nodisgust,nodisgust
song3-31,nodisgust,nodisgust
song3-32,nodisgust,nodisgust
song3-33,nodisgust,nodisgust
song3-34,nodisgust,nodisgust
song3-35,nodisgust,nodisgust
song3-36,nodisgust,nodisgust
song3-37,nodisgust,nodisgust
song3-38,nodisgust,nodisgust
song3-39,nodisgust,nodisgust
song3-40,nodisgust,nodisgust
song3-41,nodisgust,nodisgust
song3-42,nodisgust,nodisgust
song3-43,nodisgust,nodisgust
song3-44,nodisgust,nodisgust
song3-45,nodisgust,nodisgust
song3-46,nodisgust,nodisgust
song3-47,nodisgust,nodisgust
song3-48,nodisgust,nodisgust
song3-49,nodisgust,nodisgust
song3-50,nodisgust,nodisgust
song3-51,nodisgust,nodisgust
song3-52,nodisgust,nodisgust
song3-53,nodisgust,nodisgust
song3-54,nodisgust,nodisgust
song3-55,nodisgust,nodisgust
song3-56,nodisgust,nodisgust
song3-57,nodisgust,nodisgust
song3-58,nodisgust,nodisgust
song3-59,nodisgust,nodisgust
song3-60,nodisgust,nodisgust
song3-61,nodisgust,nodisgust
song3-62,nodisgust,nodisgust
song3-63,nodisgust,nodisgust
song3-64,nodisgust,nodisgust
song3-65,nodisgust,nodisgust
song3-66,nodisgust,nodisgust
song3-67,nodisgust,nodisgust
song3-68,nodisgust,nodisgust
song3-69,nodisgust,nodisgust
song3-70,nodisgust,nodisgust
song3-71,nodisgust,nodisgust
song3-72,nodisgust,disgust
song3-73,nodisgust,nodisgust
song3-74,nodisgust,nodisgust
song3-75,nodisgust,nodisgust
song3-76,nodisgust,nodisgust
song3-77,nodisgust,nodisgust
song3-78,nodisgust,nodisgust
song3-79,nodisgust,nodisgust
song3-80,nodisgust,nodisgust
song3-81,nodisgust,nodisgust
song3-82,nodisgust,nodisgust
song3-83,nodisgust,nodisgust
song3-84,nodisgust,nodisgust
song3-85,nodisgust,nodisgust
song3-86,nodisgust,nodisgust
song3-87,nodisgust,nodisgust
song3-88,nodisgust,nodisgust
song3-89,nodisgust,nodisgust
song3-90,nodisgust,nodisgust
song4-1,nodisgust,nodisgust
song4-2,nodisgust,nodisgust
song4-3,nodisgust,nodisgust
song4-4,nodisgust,nodisgust
song4-5,nodisgust,nodisgust
song4-6,nodisgust,nodisgust
song4-7,nodisgust,nodisgust
song4-8,nodisgust,nodisgust
song4-9,nodisgust,nodisgust
song4-10,nodisgust,nodisgust
song4-11,nodisgust,nodisgust
song4-12,nodisgust,nodisgust
song4-13,nodisgust,nodisgust
song4-14,nodisgust,nodisgust
song4-15,nodisgust,nodisgust
song4-16,nodisgust,nodisgust
song4-17,nodisgust,nodisgust
song4-18,nodisgust,nodisgust
song4-19,nodisgust,nodisgust
song4-20,nodisgust,nodisgust
song4-21,nodisgust,nodisgust
song4-22,nodisgust,nodisgust
song4-23,nodisgust,nodisgust
song4-24,nodisgust,nodisgust
song4-25,nodisgust,nodisgust
song4-26,nodisgust,nodisgust
song4-27,nodisgust,nodisgust
song4-28,nodisgust,nodisgust
song5-1,nodisgust,nodisgust
song5-2,nodisgust,nodisgust
song5-3,nodisgust,nodisgust
song5-4,nodisgust,nodisgust
song5-5,nodisgust,nodisgust
song5-6,nodisgust,nodisgust
song5-7,nodisgust,nodisgust
song5-8,nodisgust,nodisgust
song5-9,nodisgust,nodisgust
song5-10,nodisgust,nodisgust
song5-11,nodisgust,nodisgust
song5-12,nodisgust,nodisgust
song5-13,nodisgust,nodisgust
song5-14,nodisgust,nodisgust
song5-15,nodisgust,nodisgust
song5-16,nodisgust,nodisgust
song5-17,nodisgust,nodisgust
song5-18,nodisgust,nodisgust
song5-19,nodisgust,nodisgust
song5-20,nodisgust,nodisgust
song5-21,nodisgust,nodisgust
song5-22,nodisgust,nodisgust
song5-23,nodisgust,nodisgust
song5-24,nodisgust,nodisgust
song5-25,nodisgust,nodisgust
song5-26,nodisgust,nodisgust
song5-27,nodisgust,nodisgust
song5-28,nodisgust,nodisgust
song6-1,nodisgust,nodisgust
song6-2,nodisgust,nodisgust
song6-3,nodisgust,nodisgust
song6-4,nodisgust,nodisgust
song6-5,nodisgust,nodisgust
song6-6,nodisgust,nodisgust
song6-7,nodisgust,nodisgust
song6-8,nodisgust,nodisgust
song6-9,nodisgust,nodisgust
song6-10,nodisgust,nodisgust
song6-11,nodisgust,nodisgust
song6-12,nodisgust,nodisgust
song6-13,nodisgust,nodisgust
song6-14,nodisgust,nodisgust
song6-15,nodisgust,nodisgust
song6-16,nodisgust,nodisgust
song6-17,nodisgust,nodisgust
song6-18,nodisgust,nodisgust
song6-19,nodisgust,nodisgust
song6-20,nodisgust,nodisgust
song6-21,nodisgust,nodisgust
song6-22,nodisgust,nodisgust
song6-23,nodisgust,nodisgust
song6-24,nodisgust,nodisgust
song6-25,nodisgust,nodisgust
song6-26,nodisgust,nodisgust
song6-27,nodisgust,nodisgust
song6-28,nodisgust,nodisgust
song6-29,nodisgust,nodisgust
song6-30,nodisgust,nodisgust
song6-31,nodisgust,nodisgust
song6-32,nodisgust,nodisgust
song6-33,nodisgust,nodisgust
song6-34,nodisgust,nodisgust
song6-35,nodisgust,nodisgust
song6-36,nodisgust,nodisgust
song6-37,nodisgust,nodisgust
song6-38,nodisgust,nodisgust
song6-39,nodisgust,nodisgust
song6-40,nodisgust,nodisgust
song6-41,nodisgust,nodisgust
song6-42,nodisgust,nodisgust
song6-43,nodisgust,nodisgust
song6-44,nodisgust,nodisgust
song6-45,nodisgust,nodisgust
song6-46,nodisgust,nodisgust
song6-47,nodisgust,nodisgust
song6-48,nodisgust,nodisgust
song6-49,nodisgust,nodisgust
song6-50,nodisgust,nodisgust
song6-51,nodisgust,nodisgust
song6-52,nodisgust,nodisgust
song6-53,nodisgust,nodisgust
song6-54,nodisgust,nodisgust
song6-55,nodisgust,nodisgust
song6-56,nodisgust,nodisgust
song6-57,nodisgust,nodisgust
song7-1,nodisgust,nodisgust
song7-2,nodisgust,nodisgust
song7-3,nodisgust,nodisgust
song7-4,nodisgust,nodisgust
song7-5,nodisgust,nodisgust
song7-6,nodisgust,nodisgust
song7-7,nodisgust,nodisgust
song7-8,nodisgust,nodisgust
song7-9,nodisgust,nodisgust
song7-10,nodisgust,nodisgust
song7-11,nodisgust,nodisgust
song7-12,nodisgust,nodisgust
song7-13,nodisgust,nodisgust
song7-14,nodisgust,nodisgust
song7-15,nodisgust,nodisgust
song7-16,nodisgust,nodisgust
song7-17,nodisgust,nodisgust
song7-18,nodisgust,nodisgust
song7-19,nodisgust,nodisgust
song7-20,nodisgust,nodisgust
song7-21,nodisgust,nodisgust
song7-22,nodisgust,nodisgust
song7-23,nodisgust,nodisgust
song7-24,nodisgust,nodisgust
song7-25,nodisgust,nodisgust
song7-26,nodisgust,nodisgust
song7-27,nodisgust,nodisgust
song7-28,nodisgust,nodisgust
song7-29,nodisgust,nodisgust
song7-30,nodisgust,nodisgust
song7-31,nodisgust,nodisgust
song7-32,nodisgust,nodisgust
song7-33,nodisgust,nodisgust
song7-34,nodisgust,nodisgust
song7-35,nodisgust,nodisgust
song7-36,nodisgust,nodisgust
song7-37,nodisgust,nodisgust
song7-38,nodisgust,nodisgust
song7-39,nodisgust,nodisgust
song7-40,nodisgust,nodisgust
song7-41,nodisgust,nodisgust
song7-42,nodisgust,nodisgust
song7-43,nodisgust,nodisgust
song7-44,nodisgust,nodisgust
song7-45,nodisgust,nodisgust
song7-46,nodisgust,nodisgust
song7-47,nodisgust,nodisgust
song7-48,nodisgust,nodisgust
song7-49,nodisgust,nodisgust
song7-50,nodisgust,nodisgust
song7-51,nodisgust,nodisgust
song7-52,nodisgust,nodisgust
song7-53,nodisgust,nodisgust
song8-1,nodisgust,nodisgust
song8-2,nodisgust,disgust
song8-3,nodisgust,disgust
song8-4,disgust,disgust
song8-5,disgust,disgust
song8-6,disgust,disgust
song8-7,nodisgust,nodisgust
song8-8,nodisgust,nodisgust
song8-9,nodisgust,nodisgust
song8-10,nodisgust,disgust
song8-11,nodisgust,disgust
song8-12,disgust,disgust
song8-13,disgust,disgust
song8-14,disgust,disgust
song8-15,nodisgust,nodisgust
song8-16,nodisgust,nodisgust
song8-17,nodisgust,nodisgust
song8-18,nodisgust,disgust
song8-19,nodisgust,disgust
song8-20,nodisgust,disgust
song8-21,disgust,disgust
song8-22,disgust,disgust
song8-23,nodisgust,disgust
song8-24,nodisgust,nodisgust
song8-25,nodisgust,nodisgust
song8-26,nodisgust,nodisgust
song8-27,nodisgust,nodisgust
song8-28,nodisgust,nodisgust
song8-29,nodisgust,nodisgust
song8-30,nodisgust,nodisgust
song9-1,nodisgust,nodisgust
song9-2,nodisgust,nodisgust
song9-3,nodisgust,nodisgust
song9-4,nodisgust,nodisgust
song9-5,nodisgust,nodisgust
song9-6,nodisgust,nodisgust
song9-7,nodisgust,nodisgust
song9-8,nodisgust,nodisgust
song9-9,nodisgust,nodisgust
song9-10,nodisgust,nodisgust
song9-11,nodisgust,nodisgust
song9-12,nodisgust,nodisgust
song9-13,nodisgust,nodisgust
song9-14,nodisgust,nodisgust
song9-15,nodisgust,nodisgust
song9-16,nodisgust,nodisgust
song9-17,nodisgust,nodisgust
song9-18,nodisgust,nodisgust
song9-19,nodisgust,nodisgust
song9-20,nodisgust,nodisgust
song9-21,nodisgust,nodisgust
song9-22,nodisgust,nodisgust
song9-23,nodisgust,nodisgust
song9-24,nodisgust,nodisgust
song9-25,nodisgust,nodisgust
song9-26,nodisgust,nodisgust
song9-27,nodisgust,nodisgust
song10-1,nodisgust,nodisgust
song10-2,nodisgust,nodisgust
song10-3,nodisgust,nodisgust
song10-4,nodisgust,nodisgust
song10-5,nodisgust,nodisgust
song10-6,nodisgust,nodisgust
song10-7,nodisgust,nodisgust
song10-8,nodisgust,nodisgust
song10-9,nodisgust,nodisgust
song10-10,nodisgust,nodisgust
song10-11,nodisgust,nodisgust
