﻿ID,ANN1,ANN2
song1-1,neutral,neutral
song1-2,fear,fear
song1-3,fear,fear
song1-4,neutral,neutral
song1-5,neutral,neutral
song1-6,fear,sadness
song1-7,fear,neutral
song1-8,fear,sadness
song1-9,neutral,neutral
song1-10,disgust,fear
song1-11,disgust,sadness
song1-12,disgust,sadness
song1-13,neutral,neutral
song1-14,disgust,sadness
song1-15,disgust,sadness
song1-16,disgust,neutral
song1-17,neutral,neutral
song1-18,sadness,sadness
song1-19,sadness,sadness
song1-20,disgust,sadness
song1-21,neutral,neutral
song1-22,sadness,fear
song1-23,neutral,fear
song1-24,anger,fear
song1-25,neutral,neutral
song1-26,fear,fear
song1-27,fear,fear
song1-28,fear,fear
song1-29,neutral,neutral
song1-30,sadness,fear
song1-31,anger,anger
song1-32,anger,anger
song1-33,sadness,sadness
song1-34,sadness,sadness
song1-35,joy,neutral
song1-36,sadness,neutral
song2-1,sadness,neutral
song2-2,sadness,sadness
song2-3,joy,joy
song2-4,joy,fear
song2-5,sadness,fear
song2-6,sadness,fear
song2-7,sadness,fear
song2-8,sadness,sadness
song2-9,sadness,sadness
song2-10,sadness,sadness
song2-11,sadness,sadness
song2-12,sadness,sadness
song2-13,sadness,sadness
song2-14,sadness,neutral
song2-15,sadness,neutral
song2-16,joy,neutral
song2-17,joy,joy
song2-18,joy,joy
song2-19,joy,joy
song2-20,joy,joy
song2-21,sadness,neutral
song2-22,sadness,sadness
song2-23,sadness,sadness
song2-24,sadness,sadness
song2-25,sadness,sadness
song2-26,sadness,sadness
song2-27,sadness,sadness
song2-28,sadness,anger
song2-29,sadness,anger
song2-30,joy,joy
song2-31,joy,joy
song2-32,sadness,sadness
song2-33,sadness,sadness
song2-34,sadness,sadness
song2-35,sadness,sadness
song2-36,sadness,sadness
song2-37,sadness,sadness
song2-38,joy,sadness
song2-39,joy,sadness
song2-40,joy,joy
song2-41,joy,neutral
song2-42,joy,joy
song2-43,joy,joy
song2-44,joy,fear
song2-45,joy,sadness
song2-46,joy,sadness
song2-47,joy,sadness
song2-48,joy,sadness
song2-49,joy,neutral
song2-50,joy,neutral
song3-1,joy,joy
song3-2,joy,joy
song3-3,joy,joy
song3-4,joy,joy
song3-5,anger,sadness
song3-6,joy,neutral
song3-7,fear,sadness
song3-8,joy,anger
song3-9,sadness,sadness
song3-10,joy,joy
song3-11,anger,anger
song3-12,fear,sadness
song3-13,anger,anger
song3-14,anger,anger
song3-15,joy,anger
song3-16,joy,neutral
song3-17,joy,joy
song3-18,joy,anger
song3-19,joy,joy
song3-20,joy,fear
song3-21,joy,joy
song3-22,joy,sadness
song3-23,anger,anger
song3-24,anger,anger
song3-25,anger,joy
song3-26,anger,joy
song3-27,joy,joy
song3-28,joy,joy
song3-29,joy,anger
song3-30,joy,fear
song3-31,joy,fear
song3-32,joy,fear
song3-33,joy,neutral
song3-34,joy,joy
song3-35,joy,neutral
song3-36,joy,anger
song3-37,joy,anger
song3-38,joy,anger
song3-39,anger,anger
song3-40,anger,joy
song3-41,joy,joy
song3-42,joy,sadness
song3-43,joy,joy
song3-44,joy,sadness
song3-45,anger,anger
song3-46,anger,anger
song3-47,joy,joy
song3-48,joy,joy
song3-49,joy,joy
song3-50,joy,joy
song3-51,joy,joy
song3-52,joy,joy
song3-53,joy,joy
song3-54,joy,joy
song3-55,joy,anger
song3-56,anger,anger
song3-57,joy,anger
song3-58,joy,anger
song3-59,joy,neutral
song3-60,joy,neutral
song3-61,joy,neutral
song3-62,joy,neutral
song3-63,joy,joy
song3-64,joy,joy
song3-65,joy,joy
song3-66,joy,sadness
song3-67,joy,surprise
song3-68,joy,neutral
song3-69,joy,joy
song3-70,joy,neutral
song3-71,joy,joy
song3-72,joy,disgust
song3-73,joy,neutral
song3-74,joy,anger
song3-75,anger,anger
song3-76,joy,surprise
song3-77,joy,neutral
song3-78,joy,anger
song3-79,anger,anger
song3-80,joy,anger
song3-81,joy,joy
song3-82,joy,anger
song3-83,joy,joy
song3-84,anger,anger
song3-85,joy,joy
song3-86,joy,anger
song3-87,joy,joy
song3-88,joy,sadness
song3-89,joy,neutral
song3-90,joy,neutral
song4-1,sadness,neutral
song4-2,sadness,surprise
song4-3,sadness,surprise
song4-4,sadness,surprise
song4-5,sadness,sadness
song4-6,joy,joy
song4-7,joy,neutral
song4-8,sadness,neutral
song4-9,sadness,neutral
song4-10,sadness,surprise
song4-11,sadness,surprise
song4-12,joy,sadness
song4-13,joy,sadness
song4-14,sadness,neutral
song4-15,sadness,sadness
song4-16,joy,neutral
song4-17,sadness,neutral
song4-18,sadness,neutral
song4-19,joy,neutral
song4-20,sadness,neutral
song4-21,sadness,sadness
song4-22,joy,neutral
song4-23,joy,neutral
song4-24,sadness,sadness
song4-25,joy,joy
song4-26,joy,neutral
song4-27,sadness,neutral
song4-28,sadness,neutral
song5-1,surprise,neutral
song5-2,surprise,neutral
song5-3,surprise,sadness
song5-4,surprise,sadness
song5-5,joy,neutral
song5-6,joy,anger
song5-7,joy,neutral
song5-8,joy,anger
song5-9,joy,neutral
song5-10,sadness,anger
song5-11,sadness,anger
song5-12,joy,joy
song5-13,joy,neutral
song5-14,joy,neutral
song5-15,joy,anger
song5-16,joy,anger
song5-17,joy,neutral
song5-18,joy,anger
song5-19,joy,neutral
song5-20,joy,anger
song5-21,joy,neutral
song5-22,sadness,anger
song5-23,sadness,anger
song5-24,joy,joy
song5-25,joy,neutral
song5-26,joy,neutral
song5-27,joy,neutral
song5-28,joy,neutral
song6-1,joy,neutral
song6-2,joy,neutral
song6-3,joy,joy
song6-4,joy,surprise
song6-5,joy,sadness
song6-6,joy,sadness
song6-7,joy,neutral
song6-8,joy,joy
song6-9,joy,joy
song6-10,joy,neutral
song6-11,joy,neutral
song6-12,joy,surprise
song6-13,joy,neutral
song6-14,joy,neutral
song6-15,joy,neutral
song6-16,joy,neutral
song6-17,joy,neutral
song6-18,joy,neutral
song6-19,joy,neutral
song6-20,joy,neutral
song6-21,joy,neutral
song6-22,joy,neutral
song6-23,joy,joy
song6-24,joy,neutral
song6-25,anger,joy
song6-26,joy,joy
song6-27,joy,joy
song6-28,anger,joy
song6-29,joy,joy
song6-30,joy,joy
song6-31,joy,anger
song6-32,joy,neutral
song6-33,joy,neutral
song6-34,joy,neutral
song6-35,joy,neutral
song6-36,joy,neutral
song6-37,joy,neutral
song6-38,joy,neutral
song6-39,joy,neutral
song6-40,joy,neutral
song6-41,joy,neutral
song6-42,joy,neutral
song6-43,joy,neutral
song6-44,joy,neutral
song6-45,joy,neutral
song6-46,joy,neutral
song6-47,joy,neutral
song6-48,joy,neutral
song6-49,joy,neutral
song6-50,joy,neutral
song6-51,joy,neutral
song6-52,joy,neutral
song6-53,joy,neutral
song6-54,joy,neutral
song6-55,joy,neutral
song6-56,joy,neutral
song6-57,joy,neutral
song7-1,joy,surprise
song7-2,joy,surprise
song7-3,joy,neutral
song7-4,joy,surprise
song7-5,joy,surprise
song7-6,joy,surprise
song7-7,joy,neutral
song7-8,fear,fear
song7-9,fear,fear
song7-10,fear,fear
song7-11,fear,fear
song7-12,anger,anger
song7-13,anger,surprise
song7-14,anger,anger
song7-15,anger,surprise
song7-16,fear,neutral
song7-17,fear,neutral
song7-18,fear,anger
song7-19,fear,anger
song7-20,joy,neutral
song7-21,fear,anger
song7-22,fear,anger
song7-23,fear,anger
song7-24,fear,neutral
song7-25,sadness,neutral
song7-26,sadness,neutral
song7-27,joy,neutral
song7-28,fear,fear
song7-29,fear,fear
song7-30,joy,surprise
song7-31,joy,joy
song7-32,joy,surprise
song7-33,joy,surprise
song7-34,anger,anger
song7-35,anger,surprise
song7-36,anger,anger
song7-37,anger,anger
song7-38,anger,surprise
song7-39,anger,anger
song7-40,anger,surprise
song7-41,anger,surprise
song7-42,anger,anger
song7-43,anger,surprise
song7-44,anger,anger
song7-45,anger,surprise
song7-46,anger,surprise
song7-47,anger,surprise
song7-48,anger,anger
song7-49,anger,anger
song7-50,anger,anger
song7-51,anger,anger
song7-52,anger,anger
song7-53,anger,anger
song8-1,neutral,neutral
song8-2,joy,disgust
song8-3,joy,disgust
song8-4,disgust,disgust
song8-5,disgust,disgust
song8-6,disgust,disgust
song8-7,neutral,joy
song8-8,joy,joy
song8-9,joy,joy
song8-10,joy,disgust
song8-11,joy,disgust
song8-12,disgust,disgust
song8-13,disgust,disgust
song8-14,disgust,disgust
song8-15,joy,joy
song8-16,joy,joy
song8-17,joy,joy
song8-18,sadness,disgust
song8-19,sadness,disgust
song8-20,sadness,disgust
song8-21,disgust,disgust
song8-22,disgust,disgust
song8-23,anger,disgust
song8-24,joy,joy
song8-25,joy,joy
song8-26,joy,joy
song8-27,neutral,neutral
song8-28,joy,joy
song8-29,joy,joy
song8-30,neutral,neutral
song9-1,joy,joy
song9-2,joy,joy
song9-3,joy,neutral
song9-4,joy,joy
song9-5,joy,neutral
song9-6,joy,joy
song9-7,joy,joy
song9-8,sadness,neutral
song9-9,sadness,sadness
song9-10,joy,joy
song9-11,joy,joy
song9-12,joy,joy
song9-13,joy,neutral
song9-14,sadness,anger
song9-15,sadness,anger
song9-16,joy,neutral
song9-17,joy,joy
song9-18,joy,fear
song9-19,fear,fear
song9-20,fear,fear
song9-21,fear,fear
song9-22,joy,joy
song9-23,joy,joy
song9-24,fear,fear
song9-25,fear,fear
song9-26,fear,fear
song9-27,joy,joy
song10-1,neutral,neutral
song10-2,neutral,neutral
song10-3,neutral,neutral
song10-4,neutral,neutral
song10-5,sadness,anger
song10-6,sadness,sadness
song10-7,sadness,neutral
song10-8,neutral,neutral
song10-9,sadness,sadness
song10-10,sadness,sadness
song10-11,neutral,neutral
