﻿ID,ANN1,ANN2
song1-1,nosadness,nosadness
song1-2,nosadness,nosadness
song1-3,nosadness,nosadness
song1-4,nosadness,nosadness
song1-5,nosadness,nosadness
song1-6,nosadness,sadness
song1-7,nosadness,nosadness
song1-8,nosadness,sadness
song1-9,nosadness,nosadness
song1-10,nosadness,nosadness
song1-11,nosadness,sadness
song1-12,nosadness,sadness
song1-13,nosadness,nosadness
song1-14,nosadness,sadness
song1-15,nosadness,sadness
song1-16,nosadness,nosadness
song1-17,nosadness,nosadness
song1-18,sadness,sadness
song1-19,sadness,sadness
song1-20,nosadness,sadness
song1-21,nosadness,nosadness
song1-22,sadness,nosadness
song1-23,nosadness,nosadness
song1-24,nosadness,nosadness
song1-25,nosadness,nosadness
song1-26,nosadness,nosadness
song1-27,nosadness,nosadness
song1-28,nosadness,nosadness
song1-29,nosadness,nosadness
song1-30,sadness,nosadness
song1-31,nosadness,nosadness
song1-32,nosadness,nosadness
song1-33,sadness,sadness
song1-34,sadness,sadness
song1-35,nosadness,nosadness
song1-36,sadness,nosadness
song2-1,sadness,nosadness
song2-2,sadness,sadness
song2-3,nosadness,nosadness
song2-4,nosadness,nosadness
song2-5,sadness,nosadness
song2-6,sadness,nosadness
song2-7,sadness,nosadness
song2-8,sadness,sadness
song2-9,sadness,sadness
song2-10,sadness,sadness
song2-11,sadness,sadness
song2-12,sadness,sadness
song2-13,sadness,sadness
song2-14,sadness,nosadness
song2-15,sadness,nosadness
song2-16,nosadness,nosadness
song2-17,nosadness,nosadness
song2-18,nosadness,nosadness
song2-19,nosadness,nosadness
song2-20,nosadness,nosadness
song2-21,sadness,nosadness
song2-22,sadness,sadness
song2-23,sadness,sadness
song2-24,sadness,sadness
song2-25,sadness,sadness
song2-26,sadness,sadness
song2-27,sadness,sadness
song2-28,sadness,nosadness
song2-29,sadness,nosadness
song2-30,nosadness,nosadness
song2-31,nosadness,nosadness
song2-32,sadness,sadness
song2-33,sadness,sadness
song2-34,sadness,sadness
song2-35,sadness,sadness
song2-36,sadness,sadness
song2-37,sadness,sadness
song2-38,nosadness,sadness
song2-39,nosadness,sadness
song2-40,nosadness,nosadness
song2-41,nosadness,nosadness
song2-42,nosadness,nosadness
song2-43,nosadness,nosadness
song2-44,nosadness,nosadness
song2-45,nosadness,sadness
song2-46,nosadness,sadness
song2-47,nosadness,sadness
song2-48,nosadness,sadness
song2-49,nosadness,nosadness
song2-50,nosadness,nosadness
song3-1,nosadness,nosadness
song3-2,nosadness,nosadness
song3-3,nosadness,nosadness
song3-4,nosadness,nosadness
song3-5,nosadness,sadness
song3-6,nosadness,nosadness
song3-7,nosadness,sadness
song3-8,nosadness,nosadness
song3-9,sadness,sadness
song3-10,nosadness,nosadness
song3-11,nosadness,nosadness
song3-12,nosadness,sadness
song3-13,nosadness,nosadness
song3-14,nosadness,nosadness
song3-15,nosadness,nosadness
song3-16,nosadness,nosadness
song3-17,nosadness,nosadness
song3-18,nosadness,nosadness
song3-19,nosadness,nosadness
song3-20,nosadness,nosadness
song3-21,nosadness,nosadness
song3-22,nosadness,sadness
song3-23,nosadness,nosadness
song3-24,nosadness,nosadness
song3-25,nosadness,nosadness
song3-26,nosadness,nosadness
song3-27,nosadness,nosadness
song3-28,nosadness,nosadness
song3-29,nosadness,nosadness
song3-30,nosadness,nosadness
song3-31,nosadness,nosadness
song3-32,nosadness,nosadness
song3-33,nosadness,nosadness
song3-34,nosadness,nosadness
song3-35,nosadness,nosadness
song3-36,nosadness,nosadness
song3-37,nosadness,nosadness
song3-38,nosadness,nosadness
song3-39,nosadness,nosadness
song3-40,nosadness,nosadness
song3-41,nosadness,nosadness
song3-42,nosadness,sadness
song3-43,nosadness,nosadness
song3-44,nosadness,sadness
song3-45,nosadness,nosadness
song3-46,nosadness,nosadness
song3-47,nosadness,nosadness
song3-48,nosadness,nosadness
song3-49,nosadness,nosadness
song3-50,nosadness,nosadness
song3-51,nosadness,nosadness
song3-52,nosadness,nosadness
song3-53,nosadness,nosadness
song3-54,nosadness,nosadness
song3-55,nosadness,nosadness
song3-56,nosadness,nosadness
song3-57,nosadness,nosadness
song3-58,nosadness,nosadness
song3-59,nosadness,nosadness
song3-60,nosadness,nosadness
song3-61,nosadness,nosadness
song3-62,nosadness,nosadness
song3-63,nosadness,nosadness
song3-64,nosadness,nosadness
song3-65,nosadness,nosadness
song3-66,nosadness,sadness
song3-67,nosadness,nosadness
song3-68,nosadness,nosadness
song3-69,nosadness,nosadness
song3-70,nosadness,nosadness
song3-71,nosadness,nosadness
song3-72,nosadness,nosadness
song3-73,nosadness,nosadness
song3-74,nosadness,nosadness
song3-75,nosadness,nosadness
song3-76,nosadness,nosadness
song3-77,nosadness,nosadness
song3-78,nosadness,nosadness
song3-79,nosadness,nosadness
song3-80,nosadness,nosadness
song3-81,nosadness,nosadness
song3-82,nosadness,nosadness
song3-83,nosadness,nosadness
song3-84,nosadness,nosadness
song3-85,nosadness,nosadness
song3-86,nosadness,nosadness
song3-87,nosadness,nosadness
song3-88,nosadness,sadness
song3-89,nosadness,nosadness
song3-90,nosadness,nosadness
song4-1,sadness,nosadness
song4-2,sadness,nosadness
song4-3,sadness,nosadness
song4-4,sadness,nosadness
song4-5,sadness,sadness
song4-6,nosadness,nosadness
song4-7,nosadness,nosadness
song4-8,sadness,nosadness
song4-9,sadness,nosadness
song4-10,sadness,nosadness
song4-11,sadness,nosadness
song4-12,nosadness,sadness
song4-13,nosadness,sadness
song4-14,sadness,nosadness
song4-15,sadness,sadness
song4-16,nosadness,nosadness
song4-17,sadness,nosadness
song4-18,sadness,nosadness
song4-19,nosadness,nosadness
song4-20,sadness,nosadness
song4-21,sadness,sadness
song4-22,nosadness,nosadness
song4-23,nosadness,nosadness
song4-24,sadness,sadness
song4-25,nosadness,nosadness
song4-26,nosadness,nosadness
song4-27,sadness,nosadness
song4-28,sadness,nosadness
song5-1,nosadness,nosadness
song5-2,nosadness,nosadness
song5-3,nosadness,sadness
song5-4,nosadness,sadness
song5-5,nosadness,nosadness
song5-6,nosadness,nosadness
song5-7,nosadness,nosadness
song5-8,nosadness,nosadness
song5-9,nosadness,nosadness
song5-10,sadness,nosadness
song5-11,sadness,nosadness
song5-12,nosadness,nosadness
song5-13,nosadness,nosadness
song5-14,nosadness,nosadness
song5-15,nosadness,nosadness
song5-16,nosadness,nosadness
song5-17,nosadness,nosadness
song5-18,nosadness,nosadness
song5-19,nosadness,nosadness
song5-20,nosadness,nosadness
song5-21,nosadness,nosadness
song5-22,sadness,nosadness
song5-23,sadness,nosadness
song5-24,nosadness,nosadness
song5-25,nosadness,nosadness
song5-26,nosadness,nosadness
song5-27,nosadness,nosadness
song5-28,nosadness,nosadness
song6-1,nosadness,nosadness
song6-2,nosadness,nosadness
song6-3,nosadness,nosadness
song6-4,nosadness,nosadness
song6-5,nosadness,sadness
song6-6,nosadness,sadness
song6-7,nosadness,nosadness
song6-8,nosadness,nosadness
song6-9,nosadness,nosadness
song6-10,nosadness,nosadness
song6-11,nosadness,nosadness
song6-12,nosadness,nosadness
song6-13,nosadness,nosadness
song6-14,nosadness,nosadness
song6-15,nosadness,nosadness
song6-16,nosadness,nosadness
song6-17,nosadness,nosadness
song6-18,nosadness,nosadness
song6-19,nosadness,nosadness
song6-20,nosadness,nosadness
song6-21,nosadness,nosadness
song6-22,nosadness,nosadness
song6-23,nosadness,nosadness
song6-24,nosadness,nosadness
song6-25,nosadness,nosadness
song6-26,nosadness,nosadness
song6-27,nosadness,nosadness
song6-28,nosadness,nosadness
song6-29,nosadness,nosadness
song6-30,nosadness,nosadness
song6-31,nosadness,nosadness
song6-32,nosadness,nosadness
song6-33,nosadness,nosadness
song6-34,nosadness,nosadness
song6-35,nosadness,nosadness
song6-36,nosadness,nosadness
song6-37,nosadness,nosadness
song6-38,nosadness,nosadness
song6-39,nosadness,nosadness
song6-40,nosadness,nosadness
song6-41,nosadness,nosadness
song6-42,nosadness,nosadness
song6-43,nosadness,nosadness
song6-44,nosadness,nosadness
song6-45,nosadness,nosadness
song6-46,nosadness,nosadness
song6-47,nosadness,nosadness
song6-48,nosadness,nosadness
song6-49,nosadness,nosadness
song6-50,nosadness,nosadness
song6-51,nosadness,nosadness
song6-52,nosadness,nosadness
song6-53,nosadness,nosadness
song6-54,nosadness,nosadness
song6-55,nosadness,nosadness
song6-56,nosadness,nosadness
song6-57,nosadness,nosadness
song7-1,nosadness,nosadness
song7-2,nosadness,nosadness
song7-3,nosadness,nosadness
song7-4,nosadness,nosadness
song7-5,nosadness,nosadness
song7-6,nosadness,nosadness
song7-7,nosadness,nosadness
song7-8,nosadness,nosadness
song7-9,nosadness,nosadness
song7-10,nosadness,nosadness
song7-11,nosadness,nosadness
song7-12,nosadness,nosadness
song7-13,nosadness,nosadness
song7-14,nosadness,nosadness
song7-15,nosadness,nosadness
song7-16,nosadness,nosadness
song7-17,nosadness,nosadness
song7-18,nosadness,nosadness
song7-19,nosadness,nosadness
song7-20,nosadness,nosadness
song7-21,nosadness,nosadness
song7-22,nosadness,nosadness
song7-23,nosadness,nosadness
song7-24,nosadness,nosadness
song7-25,sadness,nosadness
song7-26,sadness,nosadness
song7-27,nosadness,nosadness
song7-28,nosadness,nosadness
song7-29,nosadness,nosadness
song7-30,nosadness,nosadness
song7-31,nosadness,nosadness
song7-32,nosadness,nosadness
song7-33,nosadness,nosadness
song7-34,nosadness,nosadness
song7-35,nosadness,nosadness
song7-36,nosadness,nosadness
song7-37,nosadness,nosadness
song7-38,nosadness,nosadness
song7-39,nosadness,nosadness
song7-40,nosadness,nosadness
song7-41,nosadness,nosadness
song7-42,nosadness,nosadness
song7-43,nosadness,nosadness
song7-44,nosadness,nosadness
song7-45,nosadness,nosadness
song7-46,nosadness,nosadness
song7-47,nosadness,nosadness
song7-48,nosadness,nosadness
song7-49,nosadness,nosadness
song7-50,nosadness,nosadness
song7-51,nosadness,nosadness
song7-52,nosadness,nosadness
song7-53,nosadness,nosadness
song8-1,nosadness,nosadness
song8-2,nosadness,nosadness
song8-3,nosadness,nosadness
song8-4,nosadness,nosadness
song8-5,nosadness,nosadness
song8-6,nosadness,nosadness
song8-7,nosadness,nosadness
song8-8,nosadness,nosadness
song8-9,nosadness,nosadness
song8-10,nosadness,nosadness
song8-11,nosadness,nosadness
song8-12,nosadness,nosadness
song8-13,nosadness,nosadness
song8-14,nosadness,nosadness
song8-15,nosadness,nosadness
song8-16,nosadness,nosadness
song8-17,nosadness,nosadness
song8-18,sadness,nosadness
song8-19,sadness,nosadness
song8-20,sadness,nosadness
song8-21,nosadness,nosadness
song8-22,nosadness,nosadness
song8-23,nosadness,nosadness
song8-24,nosadness,nosadness
song8-25,nosadness,nosadness
song8-26,nosadness,nosadness
song8-27,nosadness,nosadness
song8-28,nosadness,nosadness
song8-29,nosadness,nosadness
song8-30,nosadness,nosadness
song9-1,nosadness,nosadness
song9-2,nosadness,nosadness
song9-3,nosadness,nosadness
song9-4,nosadness,nosadness
song9-5,nosadness,nosadness
song9-6,nosadness,nosadness
song9-7,nosadness,nosadness
song9-8,sadness,nosadness
song9-9,sadness,sadness
song9-10,nosadness,nosadness
song9-11,nosadness,nosadness
song9-12,nosadness,nosadness
song9-13,nosadness,nosadness
song9-14,sadness,nosadness
song9-15,sadness,nosadness
song9-16,nosadness,nosadness
song9-17,nosadness,nosadness
song9-18,nosadness,nosadness
song9-19,nosadness,nosadness
song9-20,nosadness,nosadness
song9-21,nosadness,nosadness
song9-22,nosadness,nosadness
song9-23,nosadness,nosadness
song9-24,nosadness,nosadness
song9-25,nosadness,nosadness
song9-26,nosadness,nosadness
song9-27,nosadness,nosadness
song10-1,nosadness,nosadness
song10-2,nosadness,nosadness
song10-3,nosadness,nosadness
song10-4,nosadness,nosadness
song10-5,sadness,nosadness
song10-6,sadness,sadness
song10-7,sadness,nosadness
song10-8,nosadness,nosadness
song10-9,sadness,sadness
song10-10,sadness,sadness
song10-11,nosadness,nosadness
