﻿ID,ANN1,ANN2
song1-1,noanger,noanger
song1-2,noanger,noanger
song1-3,noanger,noanger
song1-4,noanger,noanger
song1-5,noanger,noanger
song1-6,noanger,noanger
song1-7,noanger,noanger
song1-8,noanger,noanger
song1-9,noanger,noanger
song1-10,noanger,noanger
song1-11,noanger,noanger
song1-12,noanger,noanger
song1-13,noanger,noanger
song1-14,noanger,noanger
song1-15,noanger,noanger
song1-16,noanger,noanger
song1-17,noanger,noanger
song1-18,noanger,noanger
song1-19,noanger,noanger
song1-20,noanger,noanger
song1-21,noanger,noanger
song1-22,noanger,noanger
song1-23,noanger,noanger
song1-24,anger,noanger
song1-25,noanger,noanger
song1-26,noanger,noanger
song1-27,noanger,noanger
song1-28,noanger,noanger
song1-29,noanger,noanger
song1-30,noanger,noanger
song1-31,anger,anger
song1-32,anger,anger
song1-33,noanger,noanger
song1-34,noanger,noanger
song1-35,noanger,noanger
song1-36,noanger,noanger
song2-1,noanger,noanger
song2-2,noanger,noanger
song2-3,noanger,noanger
song2-4,noanger,noanger
song2-5,noanger,noanger
song2-6,noanger,noanger
song2-7,noanger,noanger
song2-8,noanger,noanger
song2-9,noanger,noanger
song2-10,noanger,noanger
song2-11,noanger,noanger
song2-12,noanger,noanger
song2-13,noanger,noanger
song2-14,noanger,noanger
song2-15,noanger,noanger
song2-16,noanger,noanger
song2-17,noanger,noanger
song2-18,noanger,noanger
song2-19,noanger,noanger
song2-20,noanger,noanger
song2-21,noanger,noanger
song2-22,noanger,noanger
song2-23,noanger,noanger
song2-24,noanger,noanger
song2-25,noanger,noanger
song2-26,noanger,noanger
song2-27,noanger,noanger
song2-28,noanger,anger
song2-29,noanger,anger
song2-30,noanger,noanger
song2-31,noanger,noanger
song2-32,noanger,noanger
song2-33,noanger,noanger
song2-34,noanger,noanger
song2-35,noanger,noanger
song2-36,noanger,noanger
song2-37,noanger,noanger
song2-38,noanger,noanger
song2-39,noanger,noanger
song2-40,noanger,noanger
song2-41,noanger,noanger
song2-42,noanger,noanger
song2-43,noanger,noanger
song2-44,noanger,noanger
song2-45,noanger,noanger
song2-46,noanger,noanger
song2-47,noanger,noanger
song2-48,noanger,noanger
song2-49,noanger,noanger
song2-50,noanger,noanger
song3-1,noanger,noanger
song3-2,noanger,noanger
song3-3,noanger,noanger
song3-4,noanger,noanger
song3-5,anger,noanger
song3-6,noanger,noanger
song3-7,noanger,noanger
song3-8,noanger,anger
song3-9,noanger,noanger
song3-10,noanger,noanger
song3-11,anger,anger
song3-12,noanger,noanger
song3-13,anger,anger
song3-14,anger,anger
song3-15,noanger,anger
song3-16,noanger,noanger
song3-17,noanger,noanger
song3-18,noanger,anger
song3-19,noanger,noanger
song3-20,noanger,noanger
song3-21,noanger,noanger
song3-22,noanger,noanger
song3-23,anger,anger
song3-24,anger,anger
song3-25,anger,noanger
song3-26,anger,noanger
song3-27,noanger,noanger
song3-28,noanger,noanger
song3-29,noanger,anger
song3-30,noanger,noanger
song3-31,noanger,noanger
song3-32,noanger,noanger
song3-33,noanger,noanger
song3-34,noanger,noanger
song3-35,noanger,noanger
song3-36,noanger,anger
song3-37,noanger,anger
song3-38,noanger,anger
song3-39,anger,anger
song3-40,anger,noanger
song3-41,noanger,noanger
song3-42,noanger,noanger
song3-43,noanger,noanger
song3-44,noanger,noanger
song3-45,anger,anger
song3-46,anger,anger
song3-47,noanger,noanger
song3-48,noanger,noanger
song3-49,noanger,noanger
song3-50,noanger,noanger
song3-51,noanger,noanger
song3-52,noanger,noanger
song3-53,noanger,noanger
song3-54,noanger,noanger
song3-55,noanger,anger
song3-56,anger,anger
song3-57,noanger,anger
song3-58,noanger,anger
song3-59,noanger,noanger
song3-60,noanger,noanger
song3-61,noanger,noanger
song3-62,noanger,noanger
song3-63,noanger,noanger
song3-64,noanger,noanger
song3-65,noanger,noanger
song3-66,noanger,noanger
song3-67,noanger,noanger
song3-68,noanger,noanger
song3-69,noanger,noanger
song3-70,noanger,noanger
song3-71,noanger,noanger
song3-72,noanger,noanger
song3-73,noanger,noanger
song3-74,noanger,anger
song3-75,noanger,anger
song3-76,noanger,noanger
song3-77,noanger,noanger
song3-78,noanger,anger
song3-79,anger,anger
song3-80,noanger,anger
song3-81,noanger,noanger
song3-82,noanger,anger
song3-83,noanger,noanger
song3-84,anger,anger
song3-85,noanger,noanger
song3-86,noanger,anger
song3-87,noanger,noanger
song3-88,noanger,noanger
song3-89,noanger,noanger
song3-90,noanger,noanger
song4-1,noanger,noanger
song4-2,noanger,noanger
song4-3,noanger,noanger
song4-4,noanger,noanger
song4-5,noanger,noanger
song4-6,noanger,noanger
song4-7,noanger,noanger
song4-8,noanger,noanger
song4-9,noanger,noanger
song4-10,noanger,noanger
song4-11,noanger,noanger
song4-12,noanger,noanger
song4-13,noanger,noanger
song4-14,noanger,noanger
song4-15,noanger,noanger
song4-16,noanger,noanger
song4-17,noanger,noanger
song4-18,noanger,noanger
song4-19,noanger,noanger
song4-20,noanger,noanger
song4-21,noanger,noanger
song4-22,noanger,noanger
song4-23,noanger,noanger
song4-24,noanger,noanger
song4-25,noanger,noanger
song4-26,noanger,noanger
song4-27,noanger,noanger
song4-28,noanger,noanger
song5-1,noanger,noanger
song5-2,noanger,noanger
song5-3,noanger,noanger
song5-4,noanger,noanger
song5-5,noanger,noanger
song5-6,noanger,anger
song5-7,noanger,noanger
song5-8,noanger,anger
song5-9,noanger,noanger
song5-10,noanger,anger
song5-11,noanger,anger
song5-12,noanger,noanger
song5-13,noanger,noanger
song5-14,noanger,noanger
song5-15,noanger,anger
song5-16,noanger,anger
song5-17,noanger,noanger
song5-18,noanger,anger
song5-19,noanger,noanger
song5-20,noanger,anger
song5-21,noanger,noanger
song5-22,noanger,anger
song5-23,noanger,anger
song5-24,noanger,noanger
song5-25,noanger,noanger
song5-26,noanger,noanger
song5-27,noanger,noanger
song5-28,noanger,noanger
song6-1,noanger,noanger
song6-2,noanger,noanger
song6-3,noanger,noanger
song6-4,noanger,noanger
song6-5,noanger,noanger
song6-6,noanger,noanger
song6-7,noanger,noanger
song6-8,noanger,noanger
song6-9,noanger,noanger
song6-10,noanger,noanger
song6-11,noanger,noanger
song6-12,noanger,noanger
song6-13,noanger,noanger
song6-14,noanger,noanger
song6-15,noanger,noanger
song6-16,noanger,noanger
song6-17,noanger,noanger
song6-18,noanger,noanger
song6-19,noanger,noanger
song6-20,noanger,noanger
song6-21,noanger,noanger
song6-22,noanger,noanger
song6-23,noanger,noanger
song6-24,noanger,noanger
song6-25,anger,noanger
song6-26,noanger,noanger
song6-27,noanger,noanger
song6-28,anger,noanger
song6-29,noanger,noanger
song6-30,noanger,noanger
song6-31,noanger,anger
song6-32,noanger,noanger
song6-33,noanger,noanger
song6-34,noanger,noanger
song6-35,noanger,noanger
song6-36,noanger,noanger
song6-37,noanger,noanger
song6-38,noanger,noanger
song6-39,noanger,noanger
song6-40,noanger,noanger
song6-41,noanger,noanger
song6-42,noanger,noanger
song6-43,noanger,noanger
song6-44,noanger,noanger
song6-45,noanger,noanger
song6-46,noanger,noanger
song6-47,noanger,noanger
song6-48,noanger,noanger
song6-49,noanger,noanger
song6-50,noanger,noanger
song6-51,noanger,noanger
song6-52,noanger,noanger
song6-53,noanger,noanger
song6-54,noanger,noanger
song6-55,noanger,noanger
song6-56,noanger,noanger
song6-57,noanger,noanger
song7-1,noanger,noanger
song7-2,noanger,noanger
song7-3,noanger,noanger
song7-4,noanger,noanger
song7-5,noanger,noanger
song7-6,noanger,noanger
song7-7,noanger,noanger
song7-8,noanger,noanger
song7-9,noanger,noanger
song7-10,noanger,noanger
song7-11,noanger,noanger
song7-12,anger,anger
song7-13,anger,noanger
song7-14,anger,anger
song7-15,anger,noanger
song7-16,noanger,noanger
song7-17,noanger,noanger
song7-18,noanger,anger
song7-19,noanger,anger
song7-20,noanger,noanger
song7-21,noanger,anger
song7-22,noanger,anger
song7-23,noanger,anger
song7-24,noanger,noanger
song7-25,noanger,noanger
song7-26,noanger,noanger
song7-27,noanger,noanger
song7-28,noanger,noanger
song7-29,noanger,noanger
song7-30,noanger,noanger
song7-31,noanger,noanger
song7-32,noanger,noanger
song7-33,noanger,noanger
song7-34,anger,anger
song7-35,anger,noanger
song7-36,anger,anger
song7-37,anger,anger
song7-38,anger,noanger
song7-39,anger,anger
song7-40,anger,noanger
song7-41,anger,noanger
song7-42,anger,anger
song7-43,anger,noanger
song7-44,anger,anger
song7-45,anger,noanger
song7-46,anger,noanger
song7-47,anger,noanger
song7-48,anger,anger
song7-49,anger,anger
song7-50,anger,anger
song7-51,anger,anger
song7-52,anger,anger
song7-53,anger,anger
song8-1,noanger,noanger
song8-2,noanger,noanger
song8-3,noanger,noanger
song8-4,noanger,noanger
song8-5,noanger,noanger
song8-6,noanger,noanger
song8-7,noanger,noanger
song8-8,noanger,noanger
song8-9,noanger,noanger
song8-10,noanger,noanger
song8-11,noanger,noanger
song8-12,noanger,noanger
song8-13,noanger,noanger
song8-14,noanger,noanger
song8-15,noanger,noanger
song8-16,noanger,noanger
song8-17,noanger,noanger
song8-18,noanger,noanger
song8-19,noanger,noanger
song8-20,noanger,noanger
song8-21,noanger,noanger
song8-22,noanger,noanger
song8-23,anger,noanger
song8-24,noanger,noanger
song8-25,noanger,noanger
song8-26,noanger,noanger
song8-27,noanger,noanger
song8-28,noanger,noanger
song8-29,noanger,noanger
song8-30,noanger,noanger
song9-1,noanger,noanger
song9-2,noanger,noanger
song9-3,noanger,noanger
song9-4,noanger,noanger
song9-5,noanger,noanger
song9-6,noanger,noanger
song9-7,noanger,noanger
song9-8,noanger,noanger
song9-9,noanger,noanger
song9-10,noanger,noanger
song9-11,noanger,noanger
song9-12,noanger,noanger
song9-13,noanger,noanger
song9-14,noanger,anger
song9-15,noanger,anger
song9-16,noanger,noanger
song9-17,noanger,noanger
song9-18,noanger,noanger
song9-19,noanger,noanger
song9-20,noanger,noanger
song9-21,noanger,noanger
song9-22,noanger,noanger
song9-23,noanger,noanger
song9-24,noanger,noanger
song9-25,noanger,noanger
song9-26,noanger,noanger
song9-27,noanger,noanger
song10-1,noanger,noanger
song10-2,noanger,noanger
song10-3,noanger,noanger
song10-4,noanger,noanger
song10-5,noanger,anger
song10-6,noanger,noanger
song10-7,noanger,noanger
song10-8,noanger,noanger
song10-9,noanger,noanger
song10-10,noanger,noanger
song10-11,noanger,noanger
