﻿ID,ANN1,ANN2
song1-1,nosurprise,nosurprise
song1-2,nosurprise,nosurprise
song1-3,nosurprise,nosurprise
song1-4,nosurprise,nosurprise
song1-5,nosurprise,nosurprise
song1-6,nosurprise,nosurprise
song1-7,nosurprise,nosurprise
song1-8,nosurprise,nosurprise
song1-9,nosurprise,nosurprise
song1-10,nosurprise,nosurprise
song1-11,nosurprise,nosurprise
song1-12,nosurprise,nosurprise
song1-13,nosurprise,nosurprise
song1-14,nosurprise,nosurprise
song1-15,nosurprise,nosurprise
song1-16,nosurprise,nosurprise
song1-17,nosurprise,nosurprise
song1-18,nosurprise,nosurprise
song1-19,nosurprise,nosurprise
song1-20,nosurprise,nosurprise
song1-21,nosurprise,nosurprise
song1-22,nosurprise,nosurprise
song1-23,nosurprise,nosurprise
song1-24,nosurprise,nosurprise
song1-25,nosurprise,nosurprise
song1-26,nosurprise,nosurprise
song1-27,nosurprise,nosurprise
song1-28,nosurprise,nosurprise
song1-29,nosurprise,nosurprise
song1-30,nosurprise,nosurprise
song1-31,nosurprise,nosurprise
song1-32,nosurprise,nosurprise
song1-33,nosurprise,nosurprise
song1-34,nosurprise,nosurprise
song1-35,nosurprise,nosurprise
song1-36,nosurprise,nosurprise
song2-1,nosurprise,nosurprise
song2-2,nosurprise,nosurprise
song2-3,nosurprise,nosurprise
song2-4,nosurprise,nosurprise
song2-5,nosurprise,nosurprise
song2-6,nosurprise,nosurprise
song2-7,nosurprise,nosurprise
song2-8,nosurprise,nosurprise
song2-9,nosurprise,nosurprise
song2-10,nosurprise,nosurprise
song2-11,nosurprise,nosurprise
song2-12,nosurprise,nosurprise
song2-13,nosurprise,nosurprise
song2-14,nosurprise,nosurprise
song2-15,nosurprise,nosurprise
song2-16,nosurprise,nosurprise
song2-17,nosurprise,nosurprise
song2-18,nosurprise,nosurprise
song2-19,nosurprise,nosurprise
song2-20,nosurprise,nosurprise
song2-21,nosurprise,nosurprise
song2-22,nosurprise,nosurprise
song2-23,nosurprise,nosurprise
song2-24,nosurprise,nosurprise
song2-25,nosurprise,nosurprise
song2-26,nosurprise,nosurprise
song2-27,nosurprise,nosurprise
song2-28,nosurprise,nosurprise
song2-29,nosurprise,nosurprise
song2-30,nosurprise,nosurprise
song2-31,nosurprise,nosurprise
song2-32,nosurprise,nosurprise
song2-33,nosurprise,nosurprise
song2-34,nosurprise,nosurprise
song2-35,nosurprise,nosurprise
song2-36,nosurprise,nosurprise
song2-37,nosurprise,nosurprise
song2-38,nosurprise,nosurprise
song2-39,nosurprise,nosurprise
song2-40,nosurprise,nosurprise
song2-41,nosurprise,nosurprise
song2-42,nosurprise,nosurprise
song2-43,nosurprise,nosurprise
song2-44,nosurprise,nosurprise
song2-45,nosurprise,nosurprise
song2-46,nosurprise,nosurprise
song2-47,nosurprise,nosurprise
song2-48,nosurprise,nosurprise
song2-49,nosurprise,nosurprise
song2-50,nosurprise,nosurprise
song3-1,nosurprise,nosurprise
song3-2,nosurprise,nosurprise
song3-3,nosurprise,nosurprise
song3-4,nosurprise,nosurprise
song3-5,nosurprise,nosurprise
song3-6,nosurprise,nosurprise
song3-7,nosurprise,nosurprise
song3-8,nosurprise,nosurprise
song3-9,nosurprise,nosurprise
song3-10,nosurprise,nosurprise
song3-11,nosurprise,nosurprise
song3-12,nosurprise,nosurprise
song3-13,nosurprise,nosurprise
song3-14,nosurprise,nosurprise
song3-15,nosurprise,nosurprise
song3-16,nosurprise,nosurprise
song3-17,nosurprise,nosurprise
song3-18,nosurprise,nosurprise
song3-19,nosurprise,nosurprise
song3-20,nosurprise,nosurprise
song3-21,nosurprise,nosurprise
song3-22,nosurprise,nosurprise
song3-23,nosurprise,nosurprise
song3-24,nosurprise,nosurprise
song3-25,nosurprise,nosurprise
song3-26,nosurprise,nosurprise
song3-27,nosurprise,nosurprise
song3-28,nosurprise,nosurprise
song3-29,nosurprise,nosurprise
song3-30,nosurprise,nosurprise
song3-31,nosurprise,nosurprise
song3-32,nosurprise,nosurprise
song3-33,nosurprise,nosurprise
song3-34,nosurprise,nosurprise
song3-35,nosurprise,nosurprise
song3-36,nosurprise,nosurprise
song3-37,nosurprise,nosurprise
song3-38,nosurprise,nosurprise
song3-39,nosurprise,nosurprise
song3-40,nosurprise,nosurprise
song3-41,nosurprise,nosurprise
song3-42,nosurprise,nosurprise
song3-43,nosurprise,nosurprise
song3-44,nosurprise,nosurprise
song3-45,nosurprise,nosurprise
song3-46,nosurprise,nosurprise
song3-47,nosurprise,nosurprise
song3-48,nosurprise,nosurprise
song3-49,nosurprise,nosurprise
song3-50,nosurprise,nosurprise
song3-51,nosurprise,nosurprise
song3-52,nosurprise,nosurprise
song3-53,nosurprise,nosurprise
song3-54,nosurprise,nosurprise
song3-55,nosurprise,nosurprise
song3-56,nosurprise,nosurprise
song3-57,nosurprise,nosurprise
song3-58,nosurprise,nosurprise
song3-59,nosurprise,nosurprise
song3-60,nosurprise,nosurprise
song3-61,nosurprise,nosurprise
song3-62,nosurprise,nosurprise
song3-63,nosurprise,nosurprise
song3-64,nosurprise,nosurprise
song3-65,nosurprise,nosurprise
song3-66,nosurprise,nosurprise
song3-67,nosurprise,surprise
song3-68,nosurprise,nosurprise
song3-69,nosurprise,nosurprise
song3-70,nosurprise,nosurprise
song3-71,nosurprise,nosurprise
song3-72,nosurprise,nosurprise
song3-73,nosurprise,nosurprise
song3-74,nosurprise,nosurprise
song3-75,nosurprise,nosurprise
song3-76,nosurprise,surprise
song3-77,nosurprise,nosurprise
song3-78,nosurprise,nosurprise
song3-79,nosurprise,nosurprise
song3-80,nosurprise,nosurprise
song3-81,nosurprise,nosurprise
song3-82,nosurprise,nosurprise
song3-83,nosurprise,nosurprise
song3-84,nosurprise,nosurprise
song3-85,nosurprise,nosurprise
song3-86,nosurprise,nosurprise
song3-87,nosurprise,nosurprise
song3-88,nosurprise,nosurprise
song3-89,nosurprise,nosurprise
song3-90,nosurprise,nosurprise
song4-1,nosurprise,nosurprise
song4-2,nosurprise,surprise
song4-3,nosurprise,surprise
song4-4,nosurprise,surprise
song4-5,nosurprise,nosurprise
song4-6,nosurprise,nosurprise
song4-7,nosurprise,nosurprise
song4-8,nosurprise,nosurprise
song4-9,nosurprise,nosurprise
song4-10,nosurprise,surprise
song4-11,nosurprise,surprise
song4-12,nosurprise,nosurprise
song4-13,nosurprise,nosurprise
song4-14,nosurprise,nosurprise
song4-15,nosurprise,nosurprise
song4-16,nosurprise,nosurprise
song4-17,nosurprise,nosurprise
song4-18,nosurprise,nosurprise
song4-19,nosurprise,nosurprise
song4-20,nosurprise,nosurprise
song4-21,nosurprise,nosurprise
song4-22,nosurprise,nosurprise
song4-23,nosurprise,nosurprise
song4-24,nosurprise,nosurprise
song4-25,nosurprise,nosurprise
song4-26,nosurprise,nosurprise
song4-27,nosurprise,nosurprise
song4-28,nosurprise,nosurprise
song5-1,surprise,nosurprise
song5-2,surprise,nosurprise
song5-3,surprise,nosurprise
song5-4,surprise,nosurprise
song5-5,nosurprise,nosurprise
song5-6,nosurprise,nosurprise
song5-7,nosurprise,nosurprise
song5-8,nosurprise,nosurprise
song5-9,nosurprise,nosurprise
song5-10,nosurprise,nosurprise
song5-11,nosurprise,nosurprise
song5-12,nosurprise,nosurprise
song5-13,nosurprise,nosurprise
song5-14,nosurprise,nosurprise
song5-15,nosurprise,nosurprise
song5-16,nosurprise,nosurprise
song5-17,nosurprise,nosurprise
song5-18,nosurprise,nosurprise
song5-19,nosurprise,nosurprise
song5-20,nosurprise,nosurprise
song5-21,nosurprise,nosurprise
song5-22,nosurprise,nosurprise
song5-23,nosurprise,nosurprise
song5-24,nosurprise,nosurprise
song5-25,nosurprise,nosurprise
song5-26,nosurprise,nosurprise
song5-27,nosurprise,nosurprise
song5-28,nosurprise,nosurprise
song6-1,nosurprise,nosurprise
song6-2,nosurprise,nosurprise
song6-3,nosurprise,nosurprise
song6-4,nosurprise,surprise
song6-5,nosurprise,nosurprise
song6-6,nosurprise,nosurprise
song6-7,nosurprise,nosurprise
song6-8,nosurprise,nosurprise
song6-9,nosurprise,nosurprise
song6-10,nosurprise,nosurprise
song6-11,nosurprise,nosurprise
song6-12,nosurprise,surprise
song6-13,nosurprise,nosurprise
song6-14,nosurprise,nosurprise
song6-15,nosurprise,nosurprise
song6-16,nosurprise,nosurprise
song6-17,nosurprise,nosurprise
song6-18,nosurprise,nosurprise
song6-19,nosurprise,nosurprise
song6-20,nosurprise,nosurprise
song6-21,nosurprise,nosurprise
song6-22,nosurprise,nosurprise
song6-23,nosurprise,nosurprise
song6-24,nosurprise,nosurprise
song6-25,nosurprise,nosurprise
song6-26,nosurprise,nosurprise
song6-27,nosurprise,nosurprise
song6-28,nosurprise,nosurprise
song6-29,nosurprise,nosurprise
song6-30,nosurprise,nosurprise
song6-31,nosurprise,nosurprise
song6-32,nosurprise,nosurprise
song6-33,nosurprise,nosurprise
song6-34,nosurprise,nosurprise
song6-35,nosurprise,nosurprise
song6-36,nosurprise,nosurprise
song6-37,nosurprise,nosurprise
song6-38,nosurprise,nosurprise
song6-39,nosurprise,nosurprise
song6-40,nosurprise,nosurprise
song6-41,nosurprise,nosurprise
song6-42,nosurprise,nosurprise
song6-43,nosurprise,nosurprise
song6-44,nosurprise,nosurprise
song6-45,nosurprise,nosurprise
song6-46,nosurprise,nosurprise
song6-47,nosurprise,nosurprise
song6-48,nosurprise,nosurprise
song6-49,nosurprise,nosurprise
song6-50,nosurprise,nosurprise
song6-51,nosurprise,nosurprise
song6-52,nosurprise,nosurprise
song6-53,nosurprise,nosurprise
song6-54,nosurprise,nosurprise
song6-55,nosurprise,nosurprise
song6-56,nosurprise,nosurprise
song6-57,nosurprise,nosurprise
song7-1,nosurprise,surprise
song7-2,nosurprise,surprise
song7-3,nosurprise,nosurprise
song7-4,nosurprise,surprise
song7-5,nosurprise,surprise
song7-6,nosurprise,surprise
song7-7,nosurprise,nosurprise
song7-8,nosurprise,nosurprise
song7-9,nosurprise,nosurprise
song7-10,nosurprise,nosurprise
song7-11,nosurprise,nosurprise
song7-12,nosurprise,nosurprise
song7-13,nosurprise,surprise
song7-14,nosurprise,nosurprise
song7-15,nosurprise,surprise
song7-16,nosurprise,nosurprise
song7-17,nosurprise,nosurprise
song7-18,nosurprise,nosurprise
song7-19,nosurprise,nosurprise
song7-20,nosurprise,nosurprise
song7-21,nosurprise,nosurprise
song7-22,nosurprise,nosurprise
song7-23,nosurprise,nosurprise
song7-24,nosurprise,nosurprise
song7-25,nosurprise,nosurprise
song7-26,nosurprise,nosurprise
song7-27,nosurprise,nosurprise
song7-28,nosurprise,nosurprise
song7-29,nosurprise,nosurprise
song7-30,nosurprise,surprise
song7-31,nosurprise,nosurprise
song7-32,nosurprise,surprise
song7-33,nosurprise,surprise
song7-34,nosurprise,nosurprise
song7-35,nosurprise,surprise
song7-36,nosurprise,nosurprise
song7-37,nosurprise,nosurprise
song7-38,nosurprise,surprise
song7-39,nosurprise,nosurprise
song7-40,nosurprise,surprise
song7-41,nosurprise,surprise
song7-42,nosurprise,nosurprise
song7-43,nosurprise,surprise
song7-44,nosurprise,nosurprise
song7-45,nosurprise,surprise
song7-46,nosurprise,surprise
song7-47,nosurprise,surprise
song7-48,nosurprise,nosurprise
song7-49,nosurprise,nosurprise
song7-50,nosurprise,nosurprise
song7-51,nosurprise,nosurprise
song7-52,nosurprise,nosurprise
song7-53,nosurprise,nosurprise
song8-1,nosurprise,nosurprise
song8-2,nosurprise,nosurprise
song8-3,nosurprise,nosurprise
song8-4,nosurprise,nosurprise
song8-5,nosurprise,nosurprise
song8-6,nosurprise,nosurprise
song8-7,nosurprise,nosurprise
song8-8,nosurprise,nosurprise
song8-9,nosurprise,nosurprise
song8-10,nosurprise,nosurprise
song8-11,nosurprise,nosurprise
song8-12,nosurprise,nosurprise
song8-13,nosurprise,nosurprise
song8-14,nosurprise,nosurprise
song8-15,nosurprise,nosurprise
song8-16,nosurprise,nosurprise
song8-17,nosurprise,nosurprise
song8-18,nosurprise,nosurprise
song8-19,nosurprise,nosurprise
song8-20,nosurprise,nosurprise
song8-21,nosurprise,nosurprise
song8-22,nosurprise,nosurprise
song8-23,nosurprise,nosurprise
song8-24,nosurprise,nosurprise
song8-25,nosurprise,nosurprise
song8-26,nosurprise,nosurprise
song8-27,nosurprise,nosurprise
song8-28,nosurprise,nosurprise
song8-29,nosurprise,nosurprise
song8-30,nosurprise,nosurprise
song9-1,nosurprise,nosurprise
song9-2,nosurprise,nosurprise
song9-3,nosurprise,nosurprise
song9-4,nosurprise,nosurprise
song9-5,nosurprise,nosurprise
song9-6,nosurprise,nosurprise
song9-7,nosurprise,nosurprise
song9-8,nosurprise,nosurprise
song9-9,nosurprise,nosurprise
song9-10,nosurprise,nosurprise
song9-11,nosurprise,nosurprise
song9-12,nosurprise,nosurprise
song9-13,nosurprise,nosurprise
song9-14,nosurprise,nosurprise
song9-15,nosurprise,nosurprise
song9-16,nosurprise,nosurprise
song9-17,nosurprise,nosurprise
song9-18,nosurprise,nosurprise
song9-19,nosurprise,nosurprise
song9-20,nosurprise,nosurprise
song9-21,nosurprise,nosurprise
song9-22,nosurprise,nosurprise
song9-23,nosurprise,nosurprise
song9-24,nosurprise,nosurprise
song9-25,nosurprise,nosurprise
song9-26,nosurprise,nosurprise
song9-27,nosurprise,nosurprise
song10-1,nosurprise,nosurprise
song10-2,nosurprise,nosurprise
song10-3,nosurprise,nosurprise
song10-4,nosurprise,nosurprise
song10-5,nosurprise,nosurprise
song10-6,nosurprise,nosurprise
song10-7,nosurprise,nosurprise
song10-8,nosurprise,nosurprise
song10-9,nosurprise,nosurprise
song10-10,nosurprise,nosurprise
song10-11,nosurprise,nosurprise
