﻿ID,ANN1,ANN2
song1-1,neutral,neutral
song1-2,noneutral,noneutral
song1-3,noneutral,noneutral
song1-4,neutral,neutral
song1-5,neutral,neutral
song1-6,noneutral,noneutral
song1-7,noneutral,neutral
song1-8,noneutral,noneutral
song1-9,neutral,neutral
song1-10,noneutral,noneutral
song1-11,noneutral,noneutral
song1-12,noneutral,noneutral
song1-13,neutral,neutral
song1-14,noneutral,noneutral
song1-15,noneutral,noneutral
song1-16,noneutral,neutral
song1-17,neutral,neutral
song1-18,noneutral,noneutral
song1-19,noneutral,noneutral
song1-20,noneutral,noneutral
song1-21,neutral,neutral
song1-22,noneutral,noneutral
song1-23,neutral,noneutral
song1-24,noneutral,noneutral
song1-25,neutral,neutral
song1-26,noneutral,noneutral
song1-27,noneutral,noneutral
song1-28,noneutral,noneutral
song1-29,neutral,neutral
song1-30,noneutral,noneutral
song1-31,noneutral,noneutral
song1-32,noneutral,noneutral
song1-33,noneutral,noneutral
song1-34,noneutral,noneutral
song1-35,noneutral,neutral
song1-36,noneutral,neutral
song2-1,noneutral,neutral
song2-2,noneutral,noneutral
song2-3,noneutral,noneutral
song2-4,noneutral,noneutral
song2-5,noneutral,noneutral
song2-6,noneutral,noneutral
song2-7,noneutral,noneutral
song2-8,noneutral,noneutral
song2-9,noneutral,noneutral
song2-10,noneutral,noneutral
song2-11,noneutral,noneutral
song2-12,noneutral,noneutral
song2-13,noneutral,noneutral
song2-14,noneutral,neutral
song2-15,noneutral,neutral
song2-16,noneutral,neutral
song2-17,noneutral,noneutral
song2-18,noneutral,noneutral
song2-19,noneutral,noneutral
song2-20,noneutral,noneutral
song2-21,noneutral,neutral
song2-22,noneutral,noneutral
song2-23,noneutral,noneutral
song2-24,noneutral,noneutral
song2-25,noneutral,noneutral
song2-26,noneutral,noneutral
song2-27,noneutral,noneutral
song2-28,noneutral,noneutral
song2-29,noneutral,noneutral
song2-30,noneutral,noneutral
song2-31,noneutral,noneutral
song2-32,noneutral,noneutral
song2-33,noneutral,noneutral
song2-34,noneutral,noneutral
song2-35,noneutral,noneutral
song2-36,noneutral,noneutral
song2-37,noneutral,noneutral
song2-38,noneutral,noneutral
song2-39,noneutral,noneutral
song2-40,noneutral,noneutral
song2-41,noneutral,neutral
song2-42,noneutral,noneutral
song2-43,noneutral,noneutral
song2-44,noneutral,noneutral
song2-45,noneutral,noneutral
song2-46,noneutral,noneutral
song2-47,noneutral,noneutral
song2-48,noneutral,noneutral
song2-49,noneutral,neutral
song2-50,noneutral,neutral
song3-1,noneutral,noneutral
song3-2,noneutral,noneutral
song3-3,noneutral,noneutral
song3-4,noneutral,noneutral
song3-5,noneutral,noneutral
song3-6,noneutral,neutral
song3-7,noneutral,noneutral
song3-8,noneutral,noneutral
song3-9,noneutral,noneutral
song3-10,noneutral,noneutral
song3-11,noneutral,noneutral
song3-12,noneutral,noneutral
song3-13,noneutral,noneutral
song3-14,noneutral,noneutral
song3-15,noneutral,noneutral
song3-16,noneutral,neutral
song3-17,noneutral,noneutral
song3-18,noneutral,noneutral
song3-19,noneutral,noneutral
song3-20,noneutral,noneutral
song3-21,noneutral,noneutral
song3-22,noneutral,noneutral
song3-23,noneutral,noneutral
song3-24,noneutral,noneutral
song3-25,noneutral,noneutral
song3-26,noneutral,noneutral
song3-27,noneutral,noneutral
song3-28,noneutral,noneutral
song3-29,noneutral,noneutral
song3-30,noneutral,noneutral
song3-31,noneutral,noneutral
song3-32,noneutral,noneutral
song3-33,noneutral,neutral
song3-34,noneutral,noneutral
song3-35,noneutral,neutral
song3-36,noneutral,noneutral
song3-37,noneutral,noneutral
song3-38,noneutral,noneutral
song3-39,noneutral,noneutral
song3-40,noneutral,noneutral
song3-41,noneutral,noneutral
song3-42,noneutral,noneutral
song3-43,noneutral,noneutral
song3-44,noneutral,noneutral
song3-45,noneutral,noneutral
song3-46,noneutral,noneutral
song3-47,noneutral,noneutral
song3-48,noneutral,noneutral
song3-49,noneutral,noneutral
song3-50,noneutral,noneutral
song3-51,noneutral,noneutral
song3-52,noneutral,noneutral
song3-53,noneutral,noneutral
song3-54,noneutral,noneutral
song3-55,noneutral,noneutral
song3-56,noneutral,noneutral
song3-57,noneutral,noneutral
song3-58,noneutral,noneutral
song3-59,noneutral,neutral
song3-60,noneutral,neutral
song3-61,noneutral,neutral
song3-62,noneutral,neutral
song3-63,noneutral,noneutral
song3-64,noneutral,noneutral
song3-65,noneutral,noneutral
song3-66,noneutral,noneutral
song3-67,noneutral,noneutral
song3-68,noneutral,neutral
song3-69,noneutral,noneutral
song3-70,noneutral,neutral
song3-71,noneutral,noneutral
song3-72,noneutral,noneutral
song3-73,noneutral,neutral
song3-74,noneutral,noneutral
song3-75,noneutral,noneutral
song3-76,noneutral,noneutral
song3-77,noneutral,neutral
song3-78,noneutral,noneutral
song3-79,noneutral,noneutral
song3-80,noneutral,noneutral
song3-81,noneutral,noneutral
song3-82,noneutral,noneutral
song3-83,noneutral,noneutral
song3-84,noneutral,noneutral
song3-85,noneutral,noneutral
song3-86,noneutral,noneutral
song3-87,noneutral,noneutral
song3-88,noneutral,noneutral
song3-89,noneutral,neutral
song3-90,noneutral,neutral
song4-1,noneutral,neutral
song4-2,noneutral,noneutral
song4-3,noneutral,noneutral
song4-4,noneutral,noneutral
song4-5,noneutral,noneutral
song4-6,noneutral,noneutral
song4-7,noneutral,neutral
song4-8,noneutral,neutral
song4-9,noneutral,neutral
song4-10,noneutral,noneutral
song4-11,noneutral,noneutral
song4-12,noneutral,noneutral
song4-13,noneutral,noneutral
song4-14,noneutral,neutral
song4-15,noneutral,noneutral
song4-16,noneutral,neutral
song4-17,noneutral,neutral
song4-18,noneutral,neutral
song4-19,noneutral,neutral
song4-20,noneutral,neutral
song4-21,noneutral,noneutral
song4-22,noneutral,neutral
song4-23,noneutral,neutral
song4-24,noneutral,noneutral
song4-25,noneutral,noneutral
song4-26,noneutral,neutral
song4-27,noneutral,neutral
song4-28,noneutral,neutral
song5-1,noneutral,neutral
song5-2,noneutral,neutral
song5-3,noneutral,noneutral
song5-4,noneutral,noneutral
song5-5,noneutral,neutral
song5-6,noneutral,noneutral
song5-7,noneutral,neutral
song5-8,noneutral,noneutral
song5-9,noneutral,neutral
song5-10,noneutral,noneutral
song5-11,noneutral,noneutral
song5-12,noneutral,noneutral
song5-13,noneutral,neutral
song5-14,noneutral,neutral
song5-15,noneutral,noneutral
song5-16,noneutral,noneutral
song5-17,noneutral,neutral
song5-18,noneutral,noneutral
song5-19,noneutral,neutral
song5-20,noneutral,noneutral
song5-21,noneutral,neutral
song5-22,noneutral,noneutral
song5-23,noneutral,noneutral
song5-24,noneutral,noneutral
song5-25,noneutral,neutral
song5-26,noneutral,neutral
song5-27,noneutral,neutral
song5-28,noneutral,neutral
song6-1,noneutral,neutral
song6-2,noneutral,neutral
song6-3,noneutral,noneutral
song6-4,noneutral,noneutral
song6-5,noneutral,noneutral
song6-6,noneutral,noneutral
song6-7,noneutral,neutral
song6-8,noneutral,noneutral
song6-9,noneutral,noneutral
song6-10,noneutral,neutral
song6-11,noneutral,neutral
song6-12,noneutral,noneutral
song6-13,noneutral,neutral
song6-14,noneutral,neutral
song6-15,noneutral,neutral
song6-16,noneutral,neutral
song6-17,noneutral,neutral
song6-18,noneutral,neutral
song6-19,noneutral,neutral
song6-20,noneutral,neutral
song6-21,noneutral,neutral
song6-22,noneutral,neutral
song6-23,noneutral,noneutral
song6-24,noneutral,neutral
song6-25,noneutral,noneutral
song6-26,noneutral,noneutral
song6-27,noneutral,noneutral
song6-28,noneutral,noneutral
song6-29,noneutral,noneutral
song6-30,noneutral,noneutral
song6-31,noneutral,noneutral
song6-32,noneutral,neutral
song6-33,noneutral,neutral
song6-34,noneutral,neutral
song6-35,noneutral,neutral
song6-36,noneutral,neutral
song6-37,noneutral,neutral
song6-38,noneutral,neutral
song6-39,noneutral,neutral
song6-40,noneutral,neutral
song6-41,noneutral,neutral
song6-42,noneutral,neutral
song6-43,noneutral,neutral
song6-44,noneutral,neutral
song6-45,noneutral,neutral
song6-46,noneutral,neutral
song6-47,noneutral,neutral
song6-48,noneutral,neutral
song6-49,noneutral,neutral
song6-50,noneutral,neutral
song6-51,noneutral,neutral
song6-52,noneutral,neutral
song6-53,noneutral,neutral
song6-54,noneutral,neutral
song6-55,noneutral,neutral
song6-56,noneutral,neutral
song6-57,noneutral,neutral
song7-1,noneutral,noneutral
song7-2,noneutral,noneutral
song7-3,noneutral,neutral
song7-4,noneutral,noneutral
song7-5,noneutral,noneutral
song7-6,noneutral,noneutral
song7-7,noneutral,neutral
song7-8,noneutral,noneutral
song7-9,noneutral,noneutral
song7-10,noneutral,noneutral
song7-11,noneutral,noneutral
song7-12,noneutral,noneutral
song7-13,noneutral,noneutral
song7-14,noneutral,noneutral
song7-15,noneutral,noneutral
song7-16,noneutral,neutral
song7-17,noneutral,neutral
song7-18,noneutral,noneutral
song7-19,noneutral,noneutral
song7-20,noneutral,neutral
song7-21,noneutral,noneutral
song7-22,noneutral,noneutral
song7-23,noneutral,noneutral
song7-24,noneutral,neutral
song7-25,noneutral,neutral
song7-26,noneutral,neutral
song7-27,noneutral,neutral
song7-28,noneutral,noneutral
song7-29,noneutral,noneutral
song7-30,noneutral,noneutral
song7-31,noneutral,noneutral
song7-32,noneutral,noneutral
song7-33,noneutral,noneutral
song7-34,noneutral,noneutral
song7-35,noneutral,noneutral
song7-36,noneutral,noneutral
song7-37,noneutral,noneutral
song7-38,noneutral,noneutral
song7-39,noneutral,noneutral
song7-40,noneutral,noneutral
song7-41,noneutral,noneutral
song7-42,noneutral,noneutral
song7-43,noneutral,noneutral
song7-44,noneutral,noneutral
song7-45,noneutral,noneutral
song7-46,noneutral,noneutral
song7-47,noneutral,noneutral
song7-48,noneutral,noneutral
song7-49,noneutral,noneutral
song7-50,noneutral,noneutral
song7-51,noneutral,noneutral
song7-52,noneutral,noneutral
song7-53,noneutral,noneutral
song8-1,neutral,neutral
song8-2,noneutral,noneutral
song8-3,noneutral,noneutral
song8-4,noneutral,noneutral
song8-5,noneutral,noneutral
song8-6,noneutral,noneutral
song8-7,neutral,noneutral
song8-8,noneutral,noneutral
song8-9,noneutral,noneutral
song8-10,noneutral,noneutral
song8-11,noneutral,noneutral
song8-12,noneutral,noneutral
song8-13,noneutral,noneutral
song8-14,noneutral,noneutral
song8-15,noneutral,noneutral
song8-16,noneutral,noneutral
song8-17,noneutral,noneutral
song8-18,noneutral,noneutral
song8-19,noneutral,noneutral
song8-20,noneutral,noneutral
song8-21,noneutral,noneutral
song8-22,noneutral,noneutral
song8-23,noneutral,noneutral
song8-24,noneutral,noneutral
song8-25,noneutral,noneutral
song8-26,noneutral,noneutral
song8-27,neutral,neutral
song8-28,noneutral,noneutral
song8-29,noneutral,noneutral
song8-30,neutral,neutral
song9-1,noneutral,noneutral
song9-2,noneutral,noneutral
song9-3,noneutral,neutral
song9-4,noneutral,noneutral
song9-5,noneutral,neutral
song9-6,noneutral,noneutral
song9-7,noneutral,noneutral
song9-8,noneutral,neutral
song9-9,noneutral,noneutral
song9-10,noneutral,noneutral
song9-11,noneutral,noneutral
song9-12,noneutral,noneutral
song9-13,noneutral,neutral
song9-14,noneutral,noneutral
song9-15,noneutral,noneutral
song9-16,noneutral,neutral
song9-17,noneutral,noneutral
song9-18,noneutral,noneutral
song9-19,noneutral,noneutral
song9-20,noneutral,noneutral
song9-21,noneutral,noneutral
song9-22,noneutral,noneutral
song9-23,noneutral,noneutral
song9-24,noneutral,noneutral
song9-25,noneutral,noneutral
song9-26,noneutral,noneutral
song9-27,noneutral,noneutral
song10-1,neutral,neutral
song10-2,neutral,neutral
song10-3,neutral,neutral
song10-4,neutral,neutral
song10-5,noneutral,noneutral
song10-6,noneutral,noneutral
song10-7,noneutral,neutral
song10-8,neutral,neutral
song10-9,noneutral,noneutral
song10-10,noneutral,noneutral
song10-11,neutral,neutral
