﻿ID,ANN1,ANN2
song1-1,nofear,nofear
song1-2,fear,fear
song1-3,fear,fear
song1-4,nofear,nofear
song1-5,nofear,nofear
song1-6,fear,nofear
song1-7,fear,nofear
song1-8,fear,nofear
song1-9,nofear,nofear
song1-10,nofear,fear
song1-11,nofear,nofear
song1-12,nofear,nofear
song1-13,nofear,nofear
song1-14,nofear,nofear
song1-15,nofear,nofear
song1-16,nofear,nofear
song1-17,nofear,nofear
song1-18,nofear,nofear
song1-19,nofear,nofear
song1-20,nofear,nofear
song1-21,nofear,nofear
song1-22,nofear,fear
song1-23,nofear,fear
song1-24,nofear,fear
song1-25,nofear,nofear
song1-26,fear,fear
song1-27,fear,fear
song1-28,fear,fear
song1-29,nofear,nofear
song1-30,nofear,fear
song1-31,nofear,nofear
song1-32,nofear,nofear
song1-33,nofear,nofear
song1-34,nofear,nofear
song1-35,nofear,nofear
song1-36,nofear,nofear
song2-1,nofear,nofear
song2-2,nofear,nofear
song2-3,nofear,nofear
song2-4,nofear,fear
song2-5,nofear,fear
song2-6,nofear,fear
song2-7,nofear,fear
song2-8,nofear,nofear
song2-9,nofear,nofear
song2-10,nofear,nofear
song2-11,nofear,nofear
song2-12,nofear,nofear
song2-13,nofear,nofear
song2-14,nofear,nofear
song2-15,nofear,nofear
song2-16,nofear,nofear
song2-17,nofear,nofear
song2-18,nofear,nofear
song2-19,nofear,nofear
song2-20,nofear,nofear
song2-21,nofear,nofear
song2-22,nofear,nofear
song2-23,nofear,nofear
song2-24,nofear,nofear
song2-25,nofear,nofear
song2-26,nofear,nofear
song2-27,nofear,nofear
song2-28,nofear,nofear
song2-29,nofear,nofear
song2-30,nofear,nofear
song2-31,nofear,nofear
song2-32,nofear,nofear
song2-33,nofear,nofear
song2-34,nofear,nofear
song2-35,nofear,nofear
song2-36,nofear,nofear
song2-37,nofear,nofear
song2-38,nofear,nofear
song2-39,nofear,nofear
song2-40,nofear,nofear
song2-41,nofear,nofear
song2-42,nofear,nofear
song2-43,nofear,nofear
song2-44,nofear,fear
song2-45,nofear,nofear
song2-46,nofear,nofear
song2-47,nofear,nofear
song2-48,nofear,nofear
song2-49,nofear,nofear
song2-50,nofear,nofear
song3-1,nofear,nofear
song3-2,nofear,nofear
song3-3,nofear,nofear
song3-4,nofear,nofear
song3-5,nofear,nofear
song3-6,nofear,nofear
song3-7,fear,nofear
song3-8,nofear,nofear
song3-9,nofear,nofear
song3-10,nofear,nofear
song3-11,nofear,nofear
song3-12,fear,nofear
song3-13,nofear,nofear
song3-14,nofear,nofear
song3-15,nofear,nofear
song3-16,nofear,nofear
song3-17,nofear,nofear
song3-18,nofear,nofear
song3-19,nofear,nofear
song3-20,nofear,fear
song3-21,nofear,nofear
song3-22,nofear,nofear
song3-23,nofear,nofear
song3-24,nofear,nofear
song3-25,nofear,nofear
song3-26,nofear,nofear
song3-27,nofear,nofear
song3-28,nofear,nofear
song3-29,nofear,nofear
song3-30,nofear,fear
song3-31,nofear,fear
song3-32,nofear,fear
song3-33,nofear,nofear
song3-34,nofear,nofear
song3-35,nofear,nofear
song3-36,nofear,nofear
song3-37,nofear,nofear
song3-38,nofear,nofear
song3-39,nofear,nofear
song3-40,nofear,nofear
song3-41,nofear,nofear
song3-42,nofear,nofear
song3-43,nofear,nofear
song3-44,nofear,nofear
song3-45,nofear,nofear
song3-46,nofear,nofear
song3-47,nofear,nofear
song3-48,nofear,nofear
song3-49,nofear,nofear
song3-50,nofear,nofear
song3-51,nofear,nofear
song3-52,nofear,nofear
song3-53,nofear,nofear
song3-54,nofear,nofear
song3-55,nofear,nofear
song3-56,nofear,nofear
song3-57,nofear,nofear
song3-58,nofear,nofear
song3-59,nofear,nofear
song3-60,nofear,nofear
song3-61,nofear,nofear
song3-62,nofear,nofear
song3-63,nofear,nofear
song3-64,nofear,nofear
song3-65,nofear,nofear
song3-66,nofear,nofear
song3-67,nofear,nofear
song3-68,nofear,nofear
song3-69,nofear,nofear
song3-70,nofear,nofear
song3-71,nofear,nofear
song3-72,nofear,nofear
song3-73,nofear,nofear
song3-74,nofear,nofear
song3-75,nofear,nofear
song3-76,nofear,nofear
song3-77,nofear,nofear
song3-78,nofear,nofear
song3-79,nofear,nofear
song3-80,nofear,nofear
song3-81,nofear,nofear
song3-82,nofear,nofear
song3-83,nofear,nofear
song3-84,nofear,nofear
song3-85,nofear,nofear
song3-86,nofear,nofear
song3-87,nofear,nofear
song3-88,nofear,nofear
song3-89,nofear,nofear
song3-90,nofear,nofear
song4-1,nofear,nofear
song4-2,nofear,nofear
song4-3,nofear,nofear
song4-4,nofear,nofear
song4-5,nofear,nofear
song4-6,nofear,nofear
song4-7,nofear,nofear
song4-8,nofear,nofear
song4-9,nofear,nofear
song4-10,nofear,nofear
song4-11,nofear,nofear
song4-12,nofear,nofear
song4-13,nofear,nofear
song4-14,nofear,nofear
song4-15,nofear,nofear
song4-16,nofear,nofear
song4-17,nofear,nofear
song4-18,nofear,nofear
song4-19,nofear,nofear
song4-20,nofear,nofear
song4-21,nofear,nofear
song4-22,nofear,nofear
song4-23,nofear,nofear
song4-24,nofear,nofear
song4-25,nofear,nofear
song4-26,nofear,nofear
song4-27,nofear,nofear
song4-28,nofear,nofear
song5-1,nofear,nofear
song5-2,nofear,nofear
song5-3,nofear,nofear
song5-4,nofear,nofear
song5-5,nofear,nofear
song5-6,nofear,nofear
song5-7,nofear,nofear
song5-8,nofear,nofear
song5-9,nofear,nofear
song5-10,nofear,nofear
song5-11,nofear,nofear
song5-12,nofear,nofear
song5-13,nofear,nofear
song5-14,nofear,nofear
song5-15,nofear,nofear
song5-16,nofear,nofear
song5-17,nofear,nofear
song5-18,nofear,nofear
song5-19,nofear,nofear
song5-20,nofear,nofear
song5-21,nofear,nofear
song5-22,nofear,nofear
song5-23,nofear,nofear
song5-24,nofear,nofear
song5-25,nofear,nofear
song5-26,nofear,nofear
song5-27,nofear,nofear
song5-28,nofear,nofear
song6-1,nofear,nofear
song6-2,nofear,nofear
song6-3,nofear,nofear
song6-4,nofear,nofear
song6-5,nofear,nofear
song6-6,nofear,nofear
song6-7,nofear,nofear
song6-8,nofear,nofear
song6-9,nofear,nofear
song6-10,nofear,nofear
song6-11,nofear,nofear
song6-12,nofear,nofear
song6-13,nofear,nofear
song6-14,nofear,nofear
song6-15,nofear,nofear
song6-16,nofear,nofear
song6-17,nofear,nofear
song6-18,nofear,nofear
song6-19,nofear,nofear
song6-20,nofear,nofear
song6-21,nofear,nofear
song6-22,nofear,nofear
song6-23,nofear,nofear
song6-24,nofear,nofear
song6-25,nofear,nofear
song6-26,nofear,nofear
song6-27,nofear,nofear
song6-28,nofear,nofear
song6-29,nofear,nofear
song6-30,nofear,nofear
song6-31,nofear,nofear
song6-32,nofear,nofear
song6-33,nofear,nofear
song6-34,nofear,nofear
song6-35,nofear,nofear
song6-36,nofear,nofear
song6-37,nofear,nofear
song6-38,nofear,nofear
song6-39,nofear,nofear
song6-40,nofear,nofear
song6-41,nofear,nofear
song6-42,nofear,nofear
song6-43,nofear,nofear
song6-44,nofear,nofear
song6-45,nofear,nofear
song6-46,nofear,nofear
song6-47,nofear,nofear
song6-48,nofear,nofear
song6-49,nofear,nofear
song6-50,nofear,nofear
song6-51,nofear,nofear
song6-52,nofear,nofear
song6-53,nofear,nofear
song6-54,nofear,nofear
song6-55,nofear,nofear
song6-56,nofear,nofear
song6-57,nofear,nofear
song7-1,nofear,nofear
song7-2,nofear,nofear
song7-3,nofear,nofear
song7-4,nofear,nofear
song7-5,nofear,nofear
song7-6,nofear,nofear
song7-7,nofear,nofear
song7-8,fear,fear
song7-9,fear,fear
song7-10,fear,fear
song7-11,fear,fear
song7-12,nofear,nofear
song7-13,nofear,nofear
song7-14,nofear,nofear
song7-15,nofear,nofear
song7-16,fear,nofear
song7-17,fear,nofear
song7-18,fear,nofear
song7-19,fear,nofear
song7-20,nofear,nofear
song7-21,fear,nofear
song7-22,fear,nofear
song7-23,fear,nofear
song7-24,fear,nofear
song7-25,nofear,nofear
song7-26,nofear,nofear
song7-27,nofear,nofear
song7-28,fear,fear
song7-29,fear,fear
song7-30,nofear,nofear
song7-31,nofear,nofear
song7-32,nofear,nofear
song7-33,nofear,nofear
song7-34,nofear,nofear
song7-35,nofear,nofear
song7-36,nofear,nofear
song7-37,nofear,nofear
song7-38,nofear,nofear
song7-39,nofear,nofear
song7-40,nofear,nofear
song7-41,nofear,nofear
song7-42,nofear,nofear
song7-43,nofear,nofear
song7-44,nofear,nofear
song7-45,nofear,nofear
song7-46,nofear,nofear
song7-47,nofear,nofear
song7-48,nofear,nofear
song7-49,nofear,nofear
song7-50,nofear,nofear
song7-51,nofear,nofear
song7-52,nofear,nofear
song7-53,nofear,nofear
song8-1,nofear,nofear
song8-2,nofear,nofear
song8-3,nofear,nofear
song8-4,nofear,nofear
song8-5,nofear,nofear
song8-6,nofear,nofear
song8-7,nofear,nofear
song8-8,nofear,nofear
song8-9,nofear,nofear
song8-10,nofear,nofear
song8-11,nofear,nofear
song8-12,nofear,nofear
song8-13,nofear,nofear
song8-14,nofear,nofear
song8-15,nofear,nofear
song8-16,nofear,nofear
song8-17,nofear,nofear
song8-18,nofear,nofear
song8-19,nofear,nofear
song8-20,nofear,nofear
song8-21,nofear,nofear
song8-22,nofear,nofear
song8-23,nofear,nofear
song8-24,nofear,nofear
song8-25,nofear,nofear
song8-26,nofear,nofear
song8-27,nofear,nofear
song8-28,nofear,nofear
song8-29,nofear,nofear
song8-30,nofear,nofear
song9-1,nofear,nofear
song9-2,nofear,nofear
song9-3,nofear,nofear
song9-4,nofear,nofear
song9-5,nofear,nofear
song9-6,nofear,nofear
song9-7,nofear,nofear
song9-8,nofear,nofear
song9-9,nofear,nofear
song9-10,nofear,nofear
song9-11,nofear,nofear
song9-12,nofear,nofear
song9-13,nofear,nofear
song9-14,nofear,nofear
song9-15,nofear,nofear
song9-16,nofear,nofear
song9-17,nofear,nofear
song9-18,nofear,fear
song9-19,fear,fear
song9-20,fear,fear
song9-21,fear,fear
song9-22,nofear,nofear
song9-23,nofear,nofear
song9-24,fear,fear
song9-25,fear,fear
song9-26,fear,fear
song9-27,nofear,nofear
song10-1,nofear,nofear
song10-2,nofear,nofear
song10-3,nofear,nofear
song10-4,nofear,nofear
song10-5,nofear,nofear
song10-6,nofear,nofear
song10-7,nofear,nofear
song10-8,nofear,nofear
song10-9,nofear,nofear
song10-10,nofear,nofear
song10-11,nofear,nofear
